date,equity,drawdown,drawdown_pct,daily_return
2025-04-17 23:00:00,50.0,0.0,0.0,
2025-04-17 23:15:00,49.90132200447435,0.09867799552564804,0.1973559910512961,-0.0019735599105129564
2025-04-17 23:30:00,50.726822761657225,0.0,0.0,0.016542663080325815
2025-04-17 23:45:00,49.914636532816004,0.8121862288412203,1.6010981658703956,-0.01601098165870396
2025-04-18 00:00:00,59.277673028206294,0.0,0.0,0.18758098116640864
2025-04-18 00:15:00,60.74582025878335,0.0,0.0,0.024767288518199093
2025-04-18 00:30:00,59.00930202906855,1.7365182297147967,2.858662904405691,-0.028586629044056955
2025-04-18 00:45:00,57.97528435592024,2.7705359028631094,4.560866724756281,-0.01752296057728231
2025-04-18 01:00:00,60.96683166983793,0.0,0.0,0.051600390531110873
2025-04-18 01:15:00,61.32992184514195,0.0,0.0,0.005955536237643333
2025-04-18 01:30:00,59.95649379073116,1.3734280544107946,2.239409431955091,-0.02239409431955086
2025-04-18 01:45:00,60.24065131922994,1.0892705259120135,1.7760833425850786,0.0047393953604188965
2025-04-18 02:00:00,70.93245647855801,0.0,0.0,0.17748488645432436
2025-04-18 02:15:00,67.89961946722413,3.032837011333882,4.275668941834364,-0.04275668941834365
2025-04-18 02:30:00,69.37352156619013,1.5589349123678744,2.1977737551484924,0.021707074509857538
2025-04-18 02:45:00,69.57193146412787,1.360525014430138,1.9180570954023108,0.002860023442062598
2025-04-18 03:00:00,71.0269373823379,0.0,0.0,0.020913691593573924
2025-04-18 03:15:00,73.10551726549507,0.0,0.0,0.02926466999369781
2025-04-18 03:30:00,72.03788305278253,1.0676342127125338,1.4604016942185625,-0.014604016942185605
2025-04-18 03:45:00,72.0567792335385,1.0487380319565602,1.4345538766217747,0.00026230894017431616
2025-04-18 04:00:00,73.9841896706479,0.0,0.0,0.02674849552826375
2025-04-18 04:15:00,73.31337525381082,0.6708144168370751,0.9066996878972515,-0.0090669968789725
2025-04-18 04:30:00,75.71319020981954,0.0,0.0,0.03273365804944284
2025-04-18 04:45:00,86.21516842006406,0.0,0.0,0.13870737953507173
2025-04-18 05:00:00,85.05512558461105,1.1600428354530123,1.3455205814839495,-0.0134552058148395
2025-04-18 05:15:00,85.61757059573982,0.5975978243242395,0.6931469662189583,0.006612711547515859
2025-04-18 05:30:00,83.50840180400704,2.706766616057024,3.1395480234625435,-0.02463476570354517
2025-04-18 05:45:00,83.36779055122487,2.847377868839189,3.302641427278758,-0.0016837976747797745
2025-04-18 06:00:00,83.3912257600219,2.8239426600421638,3.275459193309392,0.00028110627188349113
2025-04-18 06:15:00,83.89508274915802,2.320085670906039,2.6910411629679154,0.006042086377122002
2025-04-18 06:30:00,84.59813901306897,1.617029406995087,1.875574143886693,0.008380184402619228
2025-04-18 06:45:00,85.06684318900959,1.1483252310544714,1.3319294644992332,0.005540360360269947
2025-04-18 07:00:00,100.37344516985885,0.0,0.0,0.1799361702754103
2025-04-18 07:15:00,99.5735523034061,0.7998928664527512,0.7969168190840888,-0.007969168190840925
2025-04-18 07:30:00,117.38958461793828,0.0,0.0,0.17892333759717394
2025-04-18 07:45:00,117.72530497872555,0.0,0.0,0.0028598820063969743
2025-04-18 08:00:00,118.84437284801648,0.0,0.0,0.009505754684544288
2025-04-18 08:15:00,119.2760133118858,0.0,0.0,0.0036319806611402328
2025-04-18 08:30:00,118.41273238414713,0.8632809277386713,0.7237674229447486,-0.007237674229447433
2025-04-18 08:45:00,115.85486296862506,3.4211503432607486,2.8682634909292632,-0.021601303880261824
2025-04-18 09:00:00,114.49599484162893,4.780018470256877,4.0075270270460575,-0.01172905558020576
2025-04-18 09:15:00,137.6103335921025,0.0,0.0,0.20187901578955114
2025-04-18 09:30:00,134.80859373056293,2.8017398615395734,2.0359952544293276,-0.020359952544293236
2025-04-18 09:45:00,138.0078777616454,0.0,0.0,0.02373204810278473
2025-04-18 10:00:00,137.2317200972999,0.7761576643455044,0.5624009853162245,-0.0056240098531622484
2025-04-18 10:15:00,138.55686732910922,0.0,0.0,0.009656275027885464
2025-04-18 10:30:00,165.97757252659122,0.0,0.0,0.1979021734978359
2025-04-18 10:45:00,166.04667506785916,0.0,0.0,0.0004163366183516093
2025-04-18 11:00:00,168.44222983181666,0.0,0.0,0.014426996282692839
2025-04-18 11:15:00,195.3830879072658,0.0,0.0,0.15994123387198433
2025-04-18 11:30:00,198.00554540340838,0.0,0.0,0.013422131486565902
2025-04-18 11:45:00,196.44846126507377,1.5570841383346021,0.7863841061432209,-0.00786384106143223
2025-04-18 12:00:00,201.39288633592577,0.0,0.0,0.02516906998920354
2025-04-18 12:15:00,195.35577064168106,6.037115694244704,2.997680704657424,-0.02997680704657424
2025-04-18 12:30:00,191.53135345980652,9.861532876119242,4.8966639564766385,-0.0195766788424655
2025-04-18 12:45:00,191.64062252214578,9.75226381377999,4.842407292138957,0.0005705022199520293
2025-04-18 13:00:00,197.5411518884665,3.851734447459279,1.9125474179035995,0.03078955436830122
2025-04-18 13:15:00,235.03704227684702,0.0,0.0,0.1898130593545948
2025-04-18 13:30:00,233.75492824294085,1.2821140339061685,0.5454944554637406,-0.005454944554637353
2025-04-18 13:45:00,234.77404452630216,0.2629977505448551,0.11189629855666475,0.0043597638390842075
2025-04-18 14:00:00,232.17694173967152,2.860100537175498,1.2168722468038138,-0.01106213760499275
2025-04-18 14:15:00,232.47281420903454,2.564228067812479,1.0909889109275417,0.00127434045407826
2025-04-18 14:30:00,234.1494248687581,0.8876174080889143,0.3776500076287556,0.007212071938080378
2025-04-18 14:45:00,271.9727565148439,0.0,0.0,0.16153501836396122
2025-04-18 15:00:00,273.3237767309481,0.0,0.0,0.004967483631142411
2025-04-18 15:15:00,275.63981138712694,0.0,0.0,0.00847359378638557
2025-04-18 15:30:00,271.702552471623,3.9372589155039464,1.428407201300177,-0.014284072013001747
2025-04-18 15:45:00,272.9763715325214,2.6634398546055422,0.966275459703036,0.004688285219666577
2025-04-18 16:00:00,270.11992878990094,5.519882597226001,2.0025708802541264,-0.010464065906452102
2025-04-18 16:15:00,267.3792877800895,8.260523607037442,2.996854324296359,-0.010146015594218238
2025-04-18 16:30:00,268.4987045305759,7.141106856551062,2.5907385513776946,0.004186624774792147
2025-04-18 16:45:00,267.34068720248644,8.299124184640505,3.010858316465999,-0.004312934507874178
2025-04-18 17:00:00,265.60366121035236,10.036150176774584,3.6410379640984245,-0.006497424729137613
2025-04-18 17:15:00,268.1126987545461,7.527112632580838,2.7307784730737823,0.009446547283121332
2025-04-18 17:30:00,264.32984214945407,11.309969237672874,4.103169705695524,-0.014109203415818783
2025-04-18 17:45:00,265.41065832233755,10.229153064789386,3.711057924946437,0.004088891984705967
2025-04-18 18:00:00,265.25625601192564,10.383555375201297,3.7670738936248727,-0.0005817487187134152
2025-04-18 18:15:00,262.32261211409923,13.317199273027711,4.8313772985151795,-0.01105965959835653
2025-04-18 18:30:00,316.9803976244489,0.0,0.0,0.20836093796815303
2025-04-18 18:45:00,316.7135730532305,0.2668245712184216,0.08417699429305064,-0.0008417699429305037
2025-04-18 19:00:00,318.6702865754979,0.0,0.0,0.006178180187871307
2025-04-18 19:15:00,322.6726551437718,0.0,0.0,0.012559591329597275
2025-04-18 19:30:00,317.95875438558244,4.713900758189368,1.4608925432770299,-0.014608925432770259
2025-04-18 19:45:00,319.42628952728285,3.2463656164889585,1.0060863741436317,0.00461548902635589
2025-04-18 20:00:00,323.4286580955569,0.0,0.0,0.012529865886108382
2025-04-18 20:15:00,322.0945352394656,1.3341228560913123,0.41249370539612046,-0.00412493705396122
2025-04-18 20:30:00,318.4034620042795,5.025196091277394,1.5537262903254234,-0.011459595961297198
2025-04-18 20:45:00,323.3397165718175,0.08894152373937914,0.02749958035972848,0.015503143516296447
2025-04-18 21:00:00,319.114994194195,4.313663901361906,1.3337296474474551,-0.013065893736825096
2025-04-18 21:15:00,317.06933914818836,6.359318947368536,1.9662199957214914,-0.006410400900064728
2025-04-18 21:30:00,323.9623072379934,0.0,0.0,0.02173962360511772
2025-04-18 21:45:00,322.98395047685966,0.9783567611337389,0.3019970963520166,-0.0030199709635201355
2025-04-18 22:00:00,318.13663743306125,5.825669804932147,1.7982554373686497,-0.01500790685308584
2025-04-18 22:15:00,316.7580438151003,7.204263422893121,2.2237968004100646,-0.004333338118754249
2025-04-18 22:30:00,317.06933914818836,6.892968089805038,2.127706815207127,0.000982754310952183
2025-04-18 22:45:00,375.1310544597948,0.0,0.0,0.18311993038365104
2025-04-18 23:00:00,377.29985545561965,0.0,0.0,0.005781448829790925
2025-04-18 23:15:00,447.94195668320276,0.0,0.0,0.1872306607228278
2025-04-18 23:30:00,462.74305612813964,0.0,0.0,0.03304244941583945
2025-04-18 23:45:00,456.5076993406981,6.23535678744156,1.3474771160509662,-0.013474771160509658
2025-04-19 00:00:00,452.85466203088396,9.888394097255684,2.136908153737364,-0.008002137346401761
2025-04-19 00:15:00,449.51654173053646,13.226514397603182,2.8582847916232343,-0.007371283946547624
2025-04-19 00:30:00,454.3662636763245,8.376792451815163,1.8102470346946749,0.010788750792390722
2025-04-19 00:45:00,452.4767616195239,10.266294508615715,2.2185734334980154,-0.004158543905774192
2025-04-19 01:00:00,538.261204413268,0.0,0.0,0.18958861552734962
2025-04-19 01:15:00,534.2617060500011,3.99949836326698,0.7430404291586713,-0.007430404291586701
2025-04-19 01:30:00,638.6476830301802,0.0,0.0,0.19538360282630807
2025-04-19 01:45:00,647.0465806675277,0.0,0.0,0.013151065697909248
2025-04-19 02:00:00,660.7171268219337,0.0,0.0,0.021127607444123564
2025-04-19 02:15:00,777.0218861021334,0.0,0.0,0.17602806792617676
2025-04-19 02:30:00,781.9131711867766,0.0,0.0,0.006294912887434778
2025-04-19 02:45:00,756.8187520568683,25.09441912990826,3.209361352977379,-0.0320936135297738
2025-04-19 03:00:00,756.3934229190734,25.51974826770322,3.2637573081125764,-0.0005619960349013686
2025-04-19 03:15:00,750.2261504210447,31.68702076573186,4.052498657573161,-0.008153524754654695
2025-04-19 03:30:00,767.9836419239887,13.929529262787923,1.7814675306781036,0.023669518175256865
2025-04-19 03:45:00,758.201071754702,23.712099432074638,3.032574498787986,-0.012737992888466998
2025-04-19 04:00:00,748.8438307232107,33.069340463565936,4.229285511762612,-0.012341371411986879
2025-04-19 04:15:00,747.0361818875816,34.876989299194975,4.460468321087261,-0.0024139196471489877
2025-04-19 04:30:00,757.0314166257659,24.881754561010666,3.1821633754097656,0.013379853587450974
2025-04-19 04:45:00,776.2775601109925,5.635611075784141,0.7207464055414863,0.025423176717038087
2025-04-19 05:00:00,777.4472152399285,4.465955946848112,0.5711575289197071,0.001506748602611685
2025-04-19 05:15:00,768.8343001995787,13.078870987197888,1.6726756204076938,-0.01107845635242477
2025-04-19 05:30:00,784.9968074357911,0.0,0.0,0.021022094399296254
2025-04-19 05:45:00,931.6081873831142,0.0,0.0,0.18676684867831805
2025-04-19 06:00:00,930.5850978873648,1.0230894957494456,0.10981971923446725,-0.0010981971923447187
2025-04-19 06:15:00,957.4411971507764,0.0,0.0,0.02885936957767843
2025-04-19 06:30:00,951.5584325502197,5.882764600556698,0.6144256815001338,-0.006144256815001303
2025-04-19 06:45:00,968.6951816040151,0.0,0.0,0.018009140025030623
2025-04-19 07:00:00,1040.183560119476,0.0,0.0,0.07379863126508668
2025-04-19 07:15:00,1149.4939065145206,0.0,0.0,0.10508755433751449
2025-04-19 07:30:00,1157.0429681789915,0.0,0.0,0.006567291589531843
2025-04-19 07:45:00,1187.6921585367431,0.0,0.0,0.026489241282014575
2025-04-19 08:00:00,1187.9941210033219,0.0,0.0,0.0002542430413541297
2025-04-19 08:15:00,1184.0686089377969,3.9255120655250266,0.330431943738049,-0.0033043194373805207
2025-04-19 08:30:00,1388.4483056549116,0.0,0.0,0.1726079850224722
2025-04-19 08:45:00,1394.3387771555404,0.0,0.0,0.004242485281330088
2025-04-19 09:00:00,1395.443240561908,0.0,0.0,0.0007921054943480499
2025-04-19 09:15:00,1643.7533343139871,0.0,0.0,0.17794352828861126
2025-04-19 09:30:00,1643.3155049384447,0.43782937554237833,0.026635953607060173,-0.0002663595360705706
2025-04-19 09:45:00,1663.8934855889358,0.0,0.0,0.012522233611653277
2025-04-19 10:00:00,1976.733431270024,0.0,0.0,0.18801681020486627
2025-04-19 10:15:00,1983.3482575336839,0.0,0.0,0.0033463420808388378
2025-04-19 10:30:00,2005.3094807290302,0.0,0.0,0.011072802324013198
2025-04-19 10:45:00,1994.9903517577231,10.31912897130701,0.5145903448058048,-0.005145903448058098
2025-04-19 11:00:00,2345.5683827173098,0.0,0.0,0.17572918618413524
2025-04-19 11:15:00,2361.944813587567,0.0,0.0,0.006981860341792823
2025-04-19 11:30:00,2383.360146264057,0.0,0.0,0.009066821778940026
2025-04-19 11:45:00,2815.2832168628993,0.0,0.0,0.18122442438079966
2025-04-19 12:00:00,2827.7757212630854,0.0,0.0,0.00443738815525152
2025-04-19 12:15:00,2794.0838154565204,33.691905806565046,1.1914631543521368,-0.011914631543521348
2025-04-19 12:30:00,3301.2215695519585,0.0,0.0,0.18150413072435967
2025-04-19 12:45:00,3272.105634088156,29.115935463802543,0.8819745918403822,-0.008819745918403843
2025-04-19 13:00:00,3272.105634088156,29.115935463802543,0.8819745918403822,0.0
2025-04-19 13:15:00,3290.9190077724593,10.302561779499229,0.31208331711274656,0.005749622960918188
2025-04-19 13:30:00,3332.5771923591315,0.0,0.0,0.012658526231816847
2025-04-19 13:45:00,3956.8145415325325,0.0,0.0,0.18731369542006115
2025-04-19 14:00:00,4044.3870304513807,0.0,0.0,0.022132068106717417
2025-04-19 14:15:00,4104.559538174763,0.0,0.0,0.014878029048734698
2025-04-19 14:30:00,4751.114055469385,0.0,0.0,0.1575210473331654
2025-04-19 14:45:00,4601.553795166485,149.56026030290013,3.147898757150008,-0.03147898757150014
2025-04-19 15:00:00,4585.437387806259,165.67666766312595,3.487111985291163,-0.0035023837767917954
2025-04-19 15:15:00,4539.0221346088065,212.09192086057828,4.464046082337729,-0.01012231751781878
2025-04-19 15:30:00,4691.80567638375,59.30837908563444,1.2483046795595205,0.03366001249696726
2025-04-19 15:45:00,4729.840397753884,21.27365771550103,0.44776146114638593,0.008106627595763749
2025-04-19 16:00:00,4757.560618413474,0.0,0.0,0.005860709522620189
2025-04-19 16:15:00,5720.002852864718,0.0,0.0,0.2022974191282494
2025-04-19 16:30:00,5614.849401528573,105.15345133614483,1.8383461344513383,-0.018383461344513408
2025-04-19 16:45:00,5503.464634557694,216.53821830702418,3.785631299092386,-0.01983753418935086
2025-04-19 17:00:00,5494.896575559934,225.10627730478427,3.9354224656032386,-0.0015568481977623616
2025-04-19 17:15:00,5561.104304178989,158.8985486857291,2.7779452698375633,0.012048949003613973
2025-04-19 17:30:00,6741.175991682283,0.0,0.0,0.2122009627865653
2025-04-19 17:45:00,6717.153352467845,24.02263921443773,0.3563568024937857,-0.0035635680249378465
2025-04-19 18:00:00,7979.114694508763,0.0,0.0,0.18787145027398844
2025-04-19 18:15:00,7994.354472550962,0.0,0.0,0.001909958513653942
2025-04-19 18:30:00,7912.712804467745,81.64166808321716,1.021241531927789,-0.010212415319277857
2025-04-19 18:45:00,9508.858401666193,0.0,0.0,0.201719136867601
2025-04-19 19:00:00,9580.346798884386,0.0,0.0,0.007518084106254541
2025-04-19 19:15:00,11421.116932738576,0.0,0.0,0.19214024006610542
2025-04-19 19:30:00,11519.707022937815,0.0,0.0,0.008632263444972699
2025-04-19 19:45:00,11499.363036071305,20.343986866510022,0.1766015995545848,-0.0017660159955458221
2025-04-19 20:00:00,13695.722533666873,0.0,0.0,0.19099836144889126
2025-04-19 20:15:00,13577.441142973703,118.28139069316967,0.8636374634664943,-0.008636374634664934
2025-04-19 20:30:00,16285.176578569724,0.0,0.0,0.19942899454197005
2025-04-19 20:45:00,15950.080656332118,335.0959222376059,2.0576744785105445,-0.020576744785105405
2025-04-19 21:00:00,16400.57384980386,0.0,0.0,0.02824394454036172
2025-04-19 21:15:00,16367.286175409396,33.287674394463465,0.20296652238702956,-0.0020296652238702695
2025-04-19 21:30:00,16287.395756862683,113.17809294117615,0.6900861761159027,-0.004881103543404874
2025-04-19 21:45:00,16218.601229780794,181.97262002306525,1.109550322382418,-0.004223789248376519
2025-04-19 22:00:00,16527.067012502823,0.0,0.0,0.019019259327716975
2025-04-19 22:15:00,16567.012221776175,0.0,0.0,0.002416956937557835
2025-04-19 22:30:00,19581.48908864154,0.0,0.0,0.18195657892393235
2025-04-19 22:45:00,19302.48907919783,279.00000944371277,1.4248150801031256,-0.014248150801031256
2025-04-19 23:00:00,23099.358905907517,0.0,0.0,0.19670363812310354
2025-04-19 23:15:00,22968.308048974275,131.05085693324145,0.5673354722399937,-0.005673354722399937
2025-04-19 23:30:00,23295.935191307377,0.0,0.0,0.014264313315308863
2025-04-19 23:45:00,23551.79638817704,0.0,0.0,0.010983083304813457
2025-04-20 00:00:00,24026.075679935446,0.0,0.0,0.020137711957992854
2025-04-20 00:15:00,23879.423530510147,146.65214942529929,0.610387444786794,-0.006103874447867974
2025-04-20 00:30:00,27826.314576941957,0.0,0.0,0.16528418457794714
2025-04-20 00:45:00,27736.68819371365,89.62638322830753,0.3220921799776377,-0.0032209217997763995
2025-04-20 01:00:00,26780.673439278424,1045.6411376635333,3.757742099738911,-0.03446751637248102
2025-04-20 01:15:00,26668.64046024304,1157.674116698916,4.160357324710951,-0.004183351822328207
2025-04-20 01:30:00,32144.453008890923,0.0,0.0,0.20532777277533465
2025-04-20 01:45:00,32615.387895421318,0.0,0.0,0.014650580191865048
2025-04-20 02:00:00,32432.95366009874,182.43423532257657,0.5593501935575246,-0.005593501935575285
2025-04-20 02:15:00,31885.650954130975,729.7369412903427,2.2374007742302098,-0.016874895567747683
2025-04-20 02:30:00,32488.108196359044,127.27969906227372,0.3902443210866787,0.018894305877422246
2025-04-20 02:45:00,31618.363586100208,997.0243093211102,3.0569138485122127,-0.026771168237992637
2025-04-20 03:00:00,31694.73140553756,920.6564898837569,2.822767255860239,0.0024152995530397625
2025-04-20 03:15:00,31571.694363110706,1043.6935323106118,3.2000034329106657,-0.0038819398988615417
2025-04-20 03:30:00,37387.89086203985,0.0,0.0,0.18422186760191628
2025-04-20 03:45:00,36797.484600264994,590.4062617748568,1.5791376516889852,-0.015791376516889888
2025-04-20 04:00:00,37082.68084535963,305.21001668021927,0.8163338707883648,0.007750427731481047
2025-04-20 04:15:00,43199.743514704795,0.0,0.0,0.16495740140402027
2025-04-20 04:30:00,42761.917924135894,437.8255905689002,1.0134911806128397,-0.010134911806128355
2025-04-20 04:45:00,41408.63882601379,1791.1046886910044,4.146100284325366,-0.03164682885652981
2025-04-20 05:00:00,49119.46103960986,0.0,0.0,0.18621288775017564
2025-04-20 05:15:00,48952.48091804274,166.98012156711775,0.33994697423993564,-0.0033994697423993525
2025-04-20 05:30:00,50054.71703388306,0.0,0.0,0.022516450548966116
2025-04-20 05:45:00,49968.91422247034,85.8028114127228,0.17141803309894077,-0.0017141803309893566
2025-04-20 06:00:00,49355.09411005627,699.6229238267915,1.3977162698836203,-0.012284039426617044
2025-04-20 06:15:00,49414.496056418924,640.2209774641378,1.2790422469689704,0.001203562619700227
2025-04-20 06:30:00,49328.6932450062,726.0237888768606,1.450460280067911,-0.0017363894860884521
2025-04-20 06:45:00,58809.67010471624,0.0,0.0,0.1922000409096556
2025-04-20 07:00:00,57895.959948633674,913.7101560825686,1.5536733235463152,-0.015536733235463118
2025-04-20 07:15:00,57276.22610363854,1533.4440010777034,2.6074691429951224,-0.010704267543797052
2025-04-20 07:30:00,57300.06202075375,1509.608083962492,2.56693853455476,0.00041615725645205437
2025-04-20 07:45:00,69273.80235429702,0.0,0.0,0.2089655737057745
2025-04-20 08:00:00,69905.78740064584,0.0,0.0,0.009123002128807345
2025-04-20 08:15:00,69141.74577744797,764.0416231978743,1.092959040456807,-0.01092959040456809
2025-04-20 08:30:00,70169.90055434388,0.0,0.0,0.01487024612027188
2025-04-20 08:45:00,70584.93551015506,0.0,0.0,0.005914714892459427
2025-04-20 09:00:00,70528.33983436263,56.595675792428665,0.08018095558688473,-0.0008018095558688376
2025-04-20 09:15:00,70660.39641121164,0.0,0.0,0.0018723902641000212
2025-04-20 09:30:00,71018.83569123039,0.0,0.0,0.005072704063713296
2025-04-20 09:45:00,71179.1901059756,0.0,0.0,0.0022579138785434605
2025-04-20 10:00:00,72028.12524286211,0.0,0.0,0.011926732175830512
2025-04-20 10:15:00,72782.73425342789,0.0,0.0,0.01047658824967912
2025-04-20 10:30:00,74320.25011245569,0.0,0.0,0.02112473342474619
2025-04-20 10:45:00,84674.38170820955,0.0,0.0,0.13931777113353072
2025-04-20 11:00:00,83760.69767432245,913.684033887097,1.0790560444074804,-0.010790560444074782
2025-04-20 11:15:00,81743.4731839223,2930.9085242872534,3.4613875710214828,-0.024083186344071694
2025-04-20 11:30:00,81862.13344806353,2812.2482601460215,3.3212504223970756,0.0014516175973371404
2025-04-20 11:45:00,83357.25277624243,1317.1289319671196,1.5555223497302706,0.018263869571973235
2025-04-20 12:00:00,101168.5976860295,0.0,0.0,0.21367480712924203
2025-04-20 12:15:00,100345.36145253544,823.2362334940699,0.8137270381555872,-0.008137270381555872
2025-04-20 12:30:00,99692.44995700568,1476.1477290238254,1.4590967580720637,-0.006506643516736799
2025-04-20 12:45:00,100288.58653988068,880.0111461488268,0.8698461442352765,0.005979756572660255
2025-04-20 13:00:00,102304.09593912475,0.0,0.0,0.020097096477101006
2025-04-20 13:15:00,119476.85424308607,0.0,0.0,0.16785992922687898
2025-04-20 13:30:00,119660.20485282879,0.0,0.0,0.0015346119623276255
2025-04-20 13:45:00,118726.78356686585,933.4212859629333,0.7800599097343658,-0.007800599097343652
2025-04-20 14:00:00,120343.60258005158,0.0,0.0,0.0136179804136205
2025-04-20 14:15:00,120060.24254681283,283.3600332387432,0.23545915791431823,-0.002354591579143195
2025-04-20 14:30:00,118743.45180411523,1600.1507759363449,1.3296517152807834,-0.010967750145800093
2025-04-20 14:45:00,118643.4423806192,1700.1601994323719,1.412754947485837,-0.0008422310618104722
2025-04-20 15:00:00,117326.65163792152,3016.950942130061,2.5069475048523744,-0.01109872333671258
2025-04-20 15:15:00,139963.82992513388,0.0,0.0,0.19294148406341916
2025-04-20 15:30:00,138485.93786850604,1477.8920566278393,1.0559099857572904,-0.010559099857572862
2025-04-20 15:45:00,140870.27038653233,0.0,0.0,0.017217145326988037
2025-04-20 16:00:00,138919.45287178358,1950.817514748749,1.3848326615657962,-0.013848326615657935
2025-04-20 16:15:00,138860.33718951844,2009.9331970138883,1.4267972876738688,-0.0004255392678497172
2025-04-20 16:30:00,137914.4862732766,2955.784113255737,2.0982313054027615,-0.006811526857744443
2025-04-20 16:45:00,136003.07921337118,4867.191173161147,3.455087549563238,-0.01385936395483478
2025-04-20 17:00:00,139274.14696537424,1596.1234211580886,1.1330449049174847,0.024051424209823757
2025-04-20 17:15:00,138840.63196209667,2029.6384244356595,1.440785496376601,-0.003112673907709196
2025-04-20 17:30:00,138623.874460458,2246.3959260743286,1.5946557921060762,-0.0015611964493063013
2025-04-20 17:45:00,138998.2737814704,1871.996605061926,1.3288798267550532,0.0027008285727809778
2025-04-20 18:00:00,138978.56855404866,1891.701832483668,1.342868035457765,-0.00014176598662452022
2025-04-20 18:15:00,139096.79991857888,1773.470467953448,1.258938783241661,0.0008507165224129754
2025-04-20 18:30:00,140574.6919752068,295.5784113255213,0.20982313054023893,0.010624917737094064
2025-04-20 18:45:00,138288.885594289,2581.3847922433342,1.8324553400517383,-0.016260440259907916
2025-04-20 19:00:00,167022.68872155395,0.0,0.0,0.2077810013710284
2025-04-20 19:15:00,167328.57537533803,0.0,0.0,0.0018314077933090367
2025-04-20 19:30:00,168175.6461088938,0.0,0.0,0.005062319640597446
2025-04-20 19:45:00,170834.50702255528,0.0,0.0,0.01581002347949867
2025-04-20 20:00:00,174434.55764016762,0.0,0.0,0.021073322248279958
2025-04-20 20:15:00,175563.98528490873,0.0,0.0,0.006474792953991004
2025-04-20 20:30:00,202041.82172421363,0.0,0.0,0.150815877164876
2025-04-20 20:45:00,203643.29146166594,0.0,0.0,0.007926426933718256
2025-04-20 21:00:00,207099.09457932628,0.0,0.0,0.01696988441335856
2025-04-20 21:15:00,243353.25984089167,0.0,0.0,0.1750570920418908
2025-04-20 21:30:00,244649.7281200391,0.0,0.0,0.005327515563157359
2025-04-20 21:45:00,243455.6125997718,1194.1155202673108,0.4880919056985053,-0.004880919056985067
2025-04-20 22:00:00,289569.77047070954,0.0,0.0,0.18941505344034515
2025-04-20 22:15:00,290383.2362382909,0.0,0.0,0.0028092219925410777
2025-04-20 22:30:00,342952.8894258079,0.0,0.0,0.18103542707395803
2025-04-20 22:45:00,340699.2205849486,2253.668840859318,0.657136566084206,-0.006571365660842043
2025-04-20 23:00:00,348946.6895344768,0.0,0.0,0.02420747818374247
2025-04-20 23:15:00,411702.8826918005,0.0,0.0,0.17984464400864653
2025-04-20 23:30:00,410150.64454443974,1552.2381473607384,0.37702872936227144,-0.0037702872936227205
2025-04-20 23:45:00,490371.6716348187,0.0,0.0,0.19558917718996072
2025-04-21 00:00:00,500978.9512074439,0.0,0.0,0.021631101848241352
2025-04-21 00:15:00,532595.4877400431,0.0,0.0,0.06310951080159755
2025-04-21 00:30:00,602891.3770389418,0.0,0.0,0.13198739177679597
2025-04-21 00:45:00,605889.1349054696,0.0,0.0,0.00497230177888941
2025-04-21 01:00:00,685127.0704517913,0.0,0.0,0.1307795947829371
2025-04-21 01:15:00,685127.0704517913,0.0,0.0,0.0
2025-04-21 01:30:00,685127.0704517913,0.0,0.0,0.0
2025-04-21 01:45:00,685127.0704517913,0.0,0.0,0.0
2025-04-21 02:00:00,682390.8248164991,2736.2456352921436,0.3993778312522069,-0.003993778312522123
2025-04-21 02:15:00,676963.9214672196,8163.148984571686,1.1914795570971506,-0.007952778894321888
2025-04-21 02:30:00,704460.231770235,0.0,0.0,0.040617098535208784
2025-04-21 02:45:00,821530.9059153941,0.0,0.0,0.16618492977378252
2025-04-21 03:00:00,817917.4341756721,3613.47173972195,0.4398461109257509,-0.004398461109257457
2025-04-21 03:15:00,810471.492408972,11059.413506422075,1.3461956728334012,-0.009103537173289933
2025-04-21 03:30:00,816274.9470212529,5255.958894141135,0.6397761613465609,0.007160590676707601
2025-04-21 03:45:00,812661.4752815311,8869.430633862969,1.0796222722722977,-0.004426782609105007
2025-04-21 04:00:00,810799.989839856,10730.916075538029,1.3062096627492137,-0.0022906037732749462
2025-04-21 04:15:00,810909.4889834838,10621.416931910324,1.292880992721189,0.00013505074617636836
2025-04-21 04:30:00,821640.4050590222,0.0,0.0,0.013233185973677841
2025-04-21 04:45:00,984532.4135377335,0.0,0.0,0.19825218851914905
2025-04-21 05:00:00,1003016.9422517491,0.0,0.0,0.018774931591733823
2025-04-21 05:15:00,994626.8015588623,8390.14069288678,0.8364904259793573,-0.008364904259793526
2025-04-21 05:30:00,1166007.681073907,0.0,0.0,0.17230671770199857
2025-04-21 05:45:00,1162141.3588225113,3866.322251395788,0.33158634494027167,-0.0033158634494027117
2025-04-21 06:00:00,1166007.681073907,0.0,0.0,0.003326894978863182
2025-04-21 06:15:00,1391081.492475859,0.0,0.0,0.1930294414481526
2025-04-21 06:30:00,1417302.4883533646,0.0,0.0,0.018849360026232054
2025-04-21 06:45:00,1406777.1590222528,10525.329331111861,0.7426311191579357,-0.007426311191579327
2025-04-21 07:00:00,1670634.3701835647,0.0,0.0,0.1875614836856605
2025-04-21 07:15:00,1648385.188088014,22249.1820955507,1.3317804597247704,-0.01331780459724774
2025-04-21 07:30:00,1665962.0419434991,4672.328240065603,0.2796738965421991,0.010663074372727621
2025-04-21 07:45:00,1971769.1806344779,0.0,0.0,0.18356188856153421
2025-04-21 08:00:00,1982867.0057990123,0.0,0.0,0.00562835917790494
2025-04-21 08:15:00,1958557.4840100312,24309.521788981045,1.2259784301159082,-0.012259784301159038
2025-04-21 08:30:00,2293375.6693434054,0.0,0.0,0.17095142116934636
2025-04-21 08:45:00,2327045.4688138277,0.0,0.0,0.014681327582088732
2025-04-21 09:00:00,2300352.2944588983,26693.174354929477,1.1470843484865756,-0.011470843484865711
2025-04-21 09:15:00,2716197.7345665796,0.0,0.0,0.1807746757352655
2025-04-21 09:30:00,2695989.323058826,20208.411507753655,0.7439963317316546,-0.007439963317316556
2025-04-21 09:45:00,2657376.8224993665,58820.912067213096,2.165560751290409,-0.014322200844493871
2025-04-21 10:00:00,2725580.2113380376,0.0,0.0,0.02566568213480669
2025-04-21 10:15:00,3251416.9732244215,0.0,0.0,0.19292654081467697
2025-04-21 10:30:00,3273001.2480812157,0.0,0.0,0.006638421043668519
2025-04-21 10:45:00,3325666.8787317895,0.0,0.0,0.016090928984964226
2025-04-21 11:00:00,3899801.6913950806,0.0,0.0,0.17263749906371606
2025-04-21 11:15:00,3985649.025734796,0.0,0.0,0.022013256348172305
2025-04-21 11:30:00,3924107.8643707843,61541.16136401193,1.5440687568486082,-0.015440687568486045
2025-04-21 11:45:00,4673852.565065629,0.0,0.0,0.19106118552504747
2025-04-21 12:00:00,4905509.850381129,0.0,0.0,0.049564525643578605
2025-04-21 12:15:00,4872504.914570049,33004.93581108004,0.6728135671466595,-0.006728135671466573
2025-04-21 12:30:00,4838254.50948308,67255.34089804906,1.3710163255063836,-0.007029321814443268
2025-04-21 12:45:00,4796531.288740773,108978.56164035667,2.221554231144591,-0.00862361015951707
2025-04-21 13:00:00,4733012.355670392,172497.49471073784,3.516402983011761,-0.013242680855534816
2025-04-21 13:15:00,4851954.671517869,53555.178863259964,1.0917352221624637,0.025130362422354224
2025-04-21 13:30:00,4919832.747053863,0.0,0.0,0.013989841235420686
2025-04-21 13:45:00,5644200.3181494465,0.0,0.0,0.14723418626971752
2025-04-21 14:00:00,6423845.384053455,0.0,0.0,0.13813206866471184
2025-04-21 14:15:00,6423845.384053455,0.0,0.0,0.0
2025-04-21 14:30:00,6423845.384053455,0.0,0.0,0.0
2025-04-21 14:45:00,6423845.384053455,0.0,0.0,0.0
2025-04-21 15:00:00,6423845.384053455,0.0,0.0,0.0
2025-04-21 15:15:00,6397354.982869143,26490.401184312068,0.41237607072660565,-0.004123760707266055
2025-04-21 15:30:00,6553013.470765236,0.0,0.0,0.024331694632065304
2025-04-21 15:45:00,6630014.744032985,0.0,0.0,0.011750513502112092
2025-04-21 16:00:00,7736568.531383846,0.0,0.0,0.16690065257347442
2025-04-21 16:15:00,7516343.215484637,220225.31589920912,2.8465503149859286,-0.028465503149859295
2025-04-21 16:30:00,8811267.093652725,0.0,0.0,0.17228110013661668
2025-04-21 16:45:00,8811267.093652725,0.0,0.0,0.0
2025-04-21 17:00:00,8772141.27460921,39125.81904351525,0.4440430488334633,-0.004440430488334646
2025-04-21 17:15:00,9046232.876803547,0.0,0.0,0.031245689463266002
2025-04-21 17:30:00,9047429.783363344,0.0,0.0,0.00013230994338719881
2025-04-21 17:45:00,10620378.75476369,0.0,0.0,0.17385589156963976
2025-04-21 18:00:00,10490202.387806702,130176.36695698835,1.2257224526818191,-0.012257224526818211
2025-04-21 18:15:00,12726543.785569504,0.0,0.0,0.21318381810843
2025-04-21 18:30:00,12946112.277469285,0.0,0.0,0.017252798214449028
2025-04-21 18:45:00,12819174.24308973,126938.03437955491,0.9805108410844776,-0.00980510841084481
2025-04-21 19:00:00,12988996.74854347,0.0,0.0,0.013247538588164742
2025-04-21 19:15:00,12992427.506229402,0.0,0.0,0.0002641279963611076
2025-04-21 19:30:00,13016442.810030937,0.0,0.0,0.0018484077582900937
2025-04-21 19:45:00,13236011.301930718,0.0,0.0,0.016868548120579696
2025-04-21 20:00:00,15280168.72506072,0.0,0.0,0.15443908111742277
2025-04-21 20:15:00,15187561.495372303,92607.22968841717,0.6060615648604311,-0.006060615648604273
2025-04-21 20:30:00,17963796.246651996,0.0,0.0,0.18279660972076517
2025-04-21 20:45:00,18129275.662970923,0.0,0.0,0.009211828838782798
2025-04-21 21:00:00,17762343.04417679,366932.618794132,2.0239783740703583,-0.020239783740703565
2025-04-21 21:15:00,17819901.102026854,309374.5609440692,1.7064915702945997,0.003240454128540904
2025-04-21 21:30:00,17927822.460495718,201453.20247520506,1.1112038132150728,0.00605622656663285
2025-04-21 21:45:00,17980584.01352493,148691.64944599196,0.8201742430873558,0.0029429984118525265
2025-04-21 22:00:00,17594465.375447463,534810.2875234596,2.9499815517495307,-0.02147419893519753
2025-04-21 22:15:00,20905189.227753624,0.0,0.0,0.18816848262557473
2025-04-21 22:30:00,20639812.89918924,265376.3285643831,1.2694280146102233,-0.012694280146102188
2025-04-21 22:45:00,20651105.508915383,254083.71883824095,1.215409801222563,0.0005471275239412599
2025-04-21 23:00:00,20913658.685048237,0.0,0.0,0.012713758884215887
2025-04-21 23:15:00,20761208.453745298,152450.23130293936,0.7289505561833153,-0.007289505561833165
2025-04-21 23:30:00,21023761.629878137,0.0,0.0,0.012646333989555059
2025-04-21 23:45:00,20662398.11864153,361363.511236608,1.7188337539132508,-0.017188337539132514
2025-04-22 00:00:00,25046697.823288284,0.0,0.0,0.21218735983463888
2025-04-22 00:15:00,25175305.351114966,0.0,0.0,0.005134709922004266
2025-04-22 00:30:00,24542420.93786254,632884.4132524244,2.5139095809393837,-0.025139095809393885
2025-04-22 00:45:00,25286990.83580658,0.0,0.0,0.030338078701737103
2025-04-22 01:00:00,25737117.18320002,0.0,0.0,0.0178007082897369
2025-04-22 01:15:00,26383539.230960518,0.0,0.0,0.02511633463682772
2025-04-22 01:30:00,30534444.111428987,0.0,0.0,0.15732934251662
2025-04-22 01:45:00,30228687.204419933,305756.907009054,1.001350821692574,-0.010013508216925704
2025-04-22 02:00:00,30546513.463021457,0.0,0.0,0.010514060913470624
2025-04-22 02:15:00,30421796.82989935,124716.63312210888,0.40828434732195046,-0.004082843473219522
2025-04-22 02:30:00,30699391.916525982,0.0,0.0,0.009124874779053327
2025-04-22 02:45:00,35874469.295535184,0.0,0.0,0.16857263469845396
2025-04-22 03:00:00,36362201.03530712,0.0,0.0,0.013595510939938382
2025-04-22 03:15:00,36737379.29667015,0.0,0.0,0.010317809447198734
2025-04-22 03:30:00,37103178.1014991,0.0,0.0,0.00995712845695862
2025-04-22 03:45:00,36817104.677209795,286073.4242893085,0.7710213489171432,-0.007710213489171447
2025-04-22 04:00:00,43195673.72916866,0.0,0.0,0.17325015391303356
2025-04-22 04:15:00,43369556.11036309,0.0,0.0,0.004025458250394465
2025-04-22 04:30:00,42831081.63956741,538474.4707956761,1.2415955317260177,-0.012415955317260141
2025-04-22 04:45:00,52036904.86194477,0.0,0.0,0.21493324170158257
2025-04-22 05:00:00,50807723.971265726,1229180.8906790465,2.3621329783931126,-0.023621329783931166
2025-04-22 05:15:00,52213472.282705285,0.0,0.0,0.027668004026997428
2025-04-22 05:30:00,52444368.1406229,0.0,0.0,0.004422150985620155
2025-04-22 05:45:00,52702428.21711905,0.0,0.0,0.004920644211103831
2025-04-22 06:00:00,51452874.16250611,1249554.054612942,2.370961067420146,-0.02370961067420141
2025-04-22 06:15:00,51025037.719894074,1677390.497224979,3.1827575198520384,-0.008315112606941621
2025-04-22 06:30:00,50244066.43576095,2458361.7813581005,4.664608186989691,-0.015305648345040446
2025-04-22 06:45:00,51391754.67070439,1310673.5464146659,2.4869319891961386,0.022842264099200538
2025-04-22 07:00:00,51045410.88382796,1657017.333291091,3.144100545926745,-0.006739287052867526
2025-04-22 07:15:00,52193099.11877139,509329.0983476639,0.9664243481332064,0.02248367120710215
2025-04-22 07:30:00,54440938.20614579,0.0,0.0,0.043067745072182584
2025-04-22 07:45:00,55249073.70885742,0.0,0.0,0.014844261126645941
2025-04-22 08:00:00,54698998.28264192,550075.4262154996,0.9956283233166906,-0.009956283233166885
2025-04-22 08:15:00,62703858.23382427,0.0,0.0,0.1463438125469767
2025-04-22 08:30:00,61378680.0426028,1325178.1912214682,2.1133917888750084,-0.021133917888750076
2025-04-22 08:45:00,61817696.13049211,886162.1033321545,1.4132497238489434,0.00715258274672248
2025-04-22 09:00:00,62866456.78489441,0.0,0.0,0.0169653791721458
2025-04-22 09:15:00,61362420.18749579,1504036.5973986164,2.3924309947113276,-0.023924309947113254
2025-04-22 09:30:00,61240471.27419319,1625985.5107012168,2.5864118861744245,-0.0019873550119108296
2025-04-22 09:45:00,60850234.751624875,2016222.033269532,3.2071507388563227,-0.006372199861446215
2025-04-22 10:00:00,60411218.66373556,2455238.1211588457,3.905481948123394,-0.00721469834391375
2025-04-22 10:15:00,61516888.811012365,1349567.9738820419,2.1467218655248232,0.018302397662779413
2025-04-22 10:30:00,60955923.80982046,1910532.9750739485,3.0390339662549786,-0.009118877954235605
2025-04-22 10:45:00,73288685.924678,0.0,0.0,0.2023226184436997
2025-04-22 11:00:00,72827758.10653728,460927.81814071536,0.6289208386331706,-0.006289208386331735
2025-04-22 11:15:00,73721393.67232028,0.0,0.0,0.012270535150563422
2025-04-22 11:30:00,87462539.34917381,0.0,0.0,0.18639291788121537
2025-04-22 11:45:00,85116288.10574032,2346251.2434334904,2.6825784626108655,-0.02682578462610863
2025-04-22 12:00:00,86238896.35618699,1223642.992986828,1.3990480977252655,0.013189111924759134
2025-04-22 12:15:00,84611114.39303938,2851424.9561344385,3.260167126809329,-0.018875264317211204
2025-04-22 12:30:00,84925444.7031644,2537094.6460094154,2.900778624641409,0.0037150002382060343
2025-04-22 12:45:00,99453322.95224592,0.0,0.0,0.17106626052839724
2025-04-22 13:00:00,99277414.95859718,175907.99364873767,0.17687492828490273,-0.0017687492828489804
2025-04-22 13:15:00,100151743.90676576,0.0,0.0,0.008806927018931932
2025-04-22 13:30:00,100385719.25909257,0.0,0.0,0.002336208469266632
2025-04-22 13:45:00,101518652.54404342,0.0,0.0,0.01128580134019641
2025-04-22 14:00:00,117991698.61269036,0.0,0.0,0.16226620089840327
2025-04-22 14:15:00,116631966.77160932,1359731.8410810381,1.1523961914849448,-0.011523961914849501
2025-04-22 14:30:00,118298734.83486994,0.0,0.0,0.014290833888830123
2025-04-22 14:45:00,142618566.6060312,0.0,0.0,0.20557981287888394
2025-04-22 15:00:00,139612538.59888762,3006028.007143587,2.107739601287274,-0.02107739601287273
2025-04-22 15:15:00,146271240.17285106,0.0,0.0,0.04769415154819412
2025-04-22 15:30:00,148316038.2939894,0.0,0.0,0.013979495345236348
2025-04-22 15:45:00,145397394.82193714,2918643.4720522463,1.9678542561034185,-0.019678542561034185
2025-04-22 16:00:00,147774254.17642283,541784.1175665557,0.36529031101319,0.016347331101747242
2025-04-22 16:15:00,172021092.39056775,0.0,0.0,0.16408026113396867
2025-04-22 16:30:00,176063255.49768782,0.0,0.0,0.023498066725111233
2025-04-22 16:45:00,177923933.7533463,0.0,0.0,0.010568237253132606
2025-04-22 17:00:00,179741837.79623094,0.0,0.0,0.010217310310847605
2025-04-22 17:15:00,179870160.4345522,0.0,0.0,0.0007139274856349243
2025-04-22 17:30:00,180362063.88145038,0.0,0.0,0.00273476960108221
2025-04-22 17:45:00,181559741.83911565,0.0,0.0,0.006640409473538167
2025-04-22 18:00:00,185901324.435652,0.0,0.0,0.02391269426007181
2025-04-22 18:15:00,193087392.18164328,0.0,0.0,0.038655279986876456
2025-04-22 18:30:00,193258489.0327383,0.0,0.0,0.000886110942624807
2025-04-22 18:45:00,191226713.9259848,2031775.1067534983,1.0513251536439945,-0.010513251536439894
2025-04-22 19:00:00,190414003.8832834,2844485.1494548917,1.4718552151015893,-0.004249981741651254
2025-04-22 19:15:00,211830111.64191398,0.0,0.0,0.11247128531448691
2025-04-22 19:30:00,217269771.96155822,0.0,0.0,0.025679353503998747
2025-04-22 19:45:00,213778269.05871686,3491502.9028413594,1.6069897212664792,-0.01606989721266483
2025-04-22 20:00:00,217168568.97886717,101202.98269104958,0.0465794122106206,0.015858954865141772
2025-04-22 20:15:00,215018005.5966823,2251766.3648759127,1.0363919216863355,-0.009902737731785405
2025-04-22 20:30:00,208591616.19580024,8678155.765757978,3.9941845970609355,-0.029887680257514315
2025-04-22 20:45:00,249008343.39814904,0.0,0.0,0.1937600750185977
2025-04-22 21:00:00,246763530.27652964,2244813.1216194034,0.9015011669830215,-0.009015011669830209
2025-04-22 21:15:00,250751027.2688799,0.0,0.0,0.01615918279286155
2025-04-22 21:30:00,256215374.99913764,0.0,0.0,0.02179192559956422
2025-04-22 21:45:00,270363605.06829154,0.0,0.0,0.055220066591247896
2025-04-22 22:00:00,271220178.49627787,0.0,0.0,0.003168227571791471
2025-04-22 22:15:00,265578608.67747125,5641569.818806618,2.0800700928983575,-0.020800700928983562
2025-04-22 22:30:00,262240926.00980023,8979252.486477643,3.3106874777021322,-0.012567588497778615
2025-04-22 22:45:00,267764347.76957425,3455830.726703614,1.2741790621419566,0.02106239420298417
2025-04-22 23:00:00,278811191.28912246,0.0,0.0,0.04125584160686935
2025-04-22 23:15:00,274469250.1196744,4341941.169448078,1.5573051961696756,-0.015573051961696782
2025-04-22 23:30:00,270747586.2601474,8063605.0289750695,2.8921382214579934,-0.013559492941028095
2025-04-22 23:45:00,273730824.75072056,5080366.538401902,1.8221530186475363,0.011018522941536935
2025-04-23 00:00:00,285575167.6687387,0.0,0.0,0.04327003701101062
2025-04-23 00:15:00,310287447.7856249,0.0,0.0,0.08653511549558801
2025-04-23 00:30:00,310287447.7856249,0.0,0.0,0.0
2025-04-23 00:45:00,309324417.3980516,963030.3875733018,0.3103671754838925,-0.0031036717548389436
2025-04-23 01:00:00,313627152.30118275,0.0,0.0,0.013910104282502278
2025-04-23 01:15:00,372379291.2378482,0.0,0.0,0.18733116219556312
2025-04-23 01:30:00,372762592.9530637,0.0,0.0,0.0010293314484308702
2025-04-23 01:45:00,380641572.6547141,0.0,0.0,0.021136723079513642
2025-04-23 02:00:00,375019814.1648879,5621758.489826202,1.4769165781389273,-0.014769165781389315
2025-04-23 02:15:00,438835768.61992383,0.0,0.0,0.17016688730739293
2025-04-23 02:30:00,446863462.54904884,0.0,0.0,0.018293162278842923
2025-04-23 02:45:00,446115540.7544098,747921.794639051,0.1673714360920607,-0.001673714360920564
2025-04-23 03:00:00,522263372.24439156,0.0,0.0,0.17069082901978927
2025-04-23 03:15:00,521132095.91248435,1131276.3319072127,0.2166103142645499,-0.002166103142645537
2025-04-23 03:30:00,509402546.576394,12860825.667997539,2.462517256902204,-0.022507823694014273
2025-04-23 03:45:00,505472849.8445058,16790522.399885774,3.2149530854001185,-0.0077143248660593855
2025-04-23 04:00:00,593597826.0703851,0.0,0.0,0.17434166098730808
2025-04-23 04:15:00,593597826.0703851,0.0,0.0,0.0
2025-04-23 04:30:00,592509309.9133246,1088516.157060504,0.18337603496065275,-0.0018337603496064725
2025-04-23 04:45:00,581726946.8525021,11870879.21788299,1.9998185128925012,-0.018197795174559883
2025-04-23 05:00:00,596887602.7925677,0.0,0.0,0.02606146409770771
2025-04-23 05:15:00,610283872.0499536,0.0,0.0,0.02244353743436922
2025-04-23 05:30:00,616622594.576619,0.0,0.0,0.010386514894082932
2025-04-23 05:45:00,631717902.8617706,0.0,0.0,0.024480627887981
2025-04-23 06:00:00,640278445.6555148,0.0,0.0,0.013551211315943057
2025-04-23 06:15:00,645375562.7388128,0.0,0.0,0.007960781934615246
2025-04-23 06:30:00,645048824.4642423,326738.2745704651,0.05062761800026475,-0.0005062761800026516
2025-04-23 06:45:00,649949898.5827982,0.0,0.0,0.007597989381077586
2025-04-23 07:00:00,652759847.7441034,0.0,0.0,0.0043233319482505195
2025-04-23 07:15:00,654458886.7718694,0.0,0.0,0.0026028546848244627
2025-04-23 07:30:00,656027230.4898071,0.0,0.0,0.0023963976189147473
2025-04-23 07:45:00,641324008.1341399,14703222.355667233,2.241251837166793,-0.02241251837166791
2025-04-23 08:00:00,649949898.5827982,6077331.907008886,0.9263840926955715,0.01345012870133222
2025-04-23 08:15:00,650211289.2024546,5815941.287352562,0.8865396155903815,0.00040217041379086993
2025-04-23 08:30:00,716833580.6120667,0.0,0.0,0.10246252643710729
2025-04-23 08:45:00,710626382.546092,6207198.065974712,0.8659189850836383,-0.008659189850836357
2025-04-23 09:00:00,709578414.0414473,7255166.570619464,1.0121130994483623,-0.0014747109457011742
2025-04-23 09:15:00,833534742.1322546,0.0,0.0,0.17469010561469367
2025-04-23 09:30:00,840177604.1364719,0.0,0.0,0.007969508250159185
2025-04-23 09:45:00,1003398246.2599802,0.0,0.0,0.19426921322339363
2025-04-23 10:00:00,972853082.3493448,30545163.910635352,3.0441715464909342,-0.03044171546490937
2025-04-23 10:15:00,995962157.6675035,7436088.592476726,0.7410904513929195,0.023753921056972382
2025-04-23 10:30:00,996305361.7563866,7092884.503593564,0.7068862767132841,0.00034459551122600907
2025-04-23 10:45:00,1009347117.1339614,0.0,0.0,0.013090118630480374
2025-04-23 11:00:00,1003855851.7118248,5491265.422136664,0.5440413242303697,-0.00544041324230371
2025-04-23 11:15:00,983606810.4676957,25740306.666265726,2.550193707329869,-0.02017126384191459
2025-04-23 11:30:00,1165464122.035832,0.0,0.0,0.18488821918756826
2025-04-23 11:45:00,1178661910.2323864,0.0,0.0,0.011324062188633022
2025-04-23 12:00:00,1161558654.100117,17103256.132269382,1.451073966486054,-0.014510739664860495
2025-04-23 12:15:00,1168022876.890266,10639033.342120409,0.9026365618299148,0.0055651281726767365
2025-04-23 12:30:00,1163040038.4895263,15621871.742860079,1.3253903945856749,-0.004266045211379743
2025-04-23 12:45:00,1351428459.3801546,0.0,0.0,0.1619793082405776
2025-04-23 13:00:00,1368066918.3741531,0.0,0.0,0.0123117571474185
2025-04-23 13:15:00,1396259862.7806504,0.0,0.0,0.020607869416214397
2025-04-23 13:30:00,1613462652.2762156,0.0,0.0,0.15556043347332627
2025-04-23 13:45:00,1715015152.6124258,0.0,0.0,0.06294071957162672
2025-04-23 14:00:00,1682820066.4551127,32195086.15731311,1.8772479128403852,-0.01877247912840385
2025-04-23 14:15:00,1688523196.0029795,26491956.609446287,1.5447068539943782,0.0033890311041278043
2025-04-23 14:30:00,1942632947.403044,0.0,0.0,0.1504923071247024
2025-04-23 14:45:00,1895542192.4147286,47090754.988315344,2.424068584405888,-0.024240685844058918
2025-04-23 15:00:00,1864743499.5787694,77889447.82427454,4.009478369467527,-0.016247959533269407
2025-04-23 15:15:00,2211389984.0805855,0.0,0.0,0.1858949955208964
2025-04-23 15:30:00,2204820417.9428663,6569566.137719154,0.29707858790228436,-0.002970785879022886
2025-04-23 15:45:00,2152612286.6730804,58777697.407505035,2.657952592289715,-0.023679085536815303
2025-04-23 16:00:00,2614040326.087434,0.0,0.0,0.21435724504179188
2025-04-23 16:15:00,2574127966.0085044,39912360.078929424,1.5268456144541684,-0.015268456144541642
2025-04-23 16:30:00,2616496471.32306,0.0,0.0,0.016459362500246266
2025-04-23 16:45:00,2597461345.746956,19035125.576104164,0.7275043473106174,-0.007275043473106146
2025-04-23 17:00:00,2721189661.9916368,0.0,0.0,0.04763432435569137
2025-04-23 17:15:00,2675136938.8236423,46052723.1679945,1.6923746187646673,-0.016923746187646693
2025-04-23 17:30:00,2689566792.0829463,31622869.908690453,1.1620972382184378,0.005394061533780636
2025-04-23 17:45:00,3159841587.1855283,0.0,0.0,0.17485150266090832
2025-04-23 18:00:00,3119861076.5129533,39980510.672575,1.2652694627070102,-0.012652694627070082
2025-04-23 18:15:00,3161308761.889109,0.0,0.0,0.01328510608635236
2025-04-23 18:30:00,3259242673.3531237,0.0,0.0,0.030978913747574666
2025-04-23 18:45:00,3209358733.431379,49883939.92174482,1.5305377635603916,-0.015305377635603912
2025-04-23 19:00:00,3275748388.768408,0.0,0.0,0.02068626814617458
2025-04-23 19:15:00,3337002932.642903,0.0,0.0,0.01869940441229212
2025-04-23 19:30:00,3257775498.6495433,79227433.99335957,2.374209300757537,-0.02374209300757535
2025-04-23 19:45:00,3290786929.4801097,46216003.16279316,1.384955425441899,0.010133120236262672
2025-04-23 20:00:00,3801201687.8819666,0.0,0.0,0.1551041648516862
2025-04-23 20:15:00,3851470155.531984,0.0,0.0,0.013224362130078715
2025-04-23 20:30:00,3835900276.171358,15569879.360625744,0.40425808150849235,-0.004042580815084906
2025-04-23 20:45:00,3852804716.620036,0.0,0.0,0.004406903003628226
2025-04-23 21:00:00,4546614852.864223,0.0,0.0,0.18007923766581335
2025-04-23 21:15:00,4525303155.520965,21311697.343257904,0.4687376879929078,-0.004687376879929039
2025-04-23 21:30:00,4586574285.382832,0.0,0.0,0.013539674085064402
2025-04-23 21:45:00,5373094226.536566,0.0,0.0,0.17148309221990177
2025-04-23 22:00:00,5291173459.438528,81920767.09803772,1.5246478778177486,-0.01524647877817753
2025-04-23 22:15:00,5367466082.2321205,5628144.304445267,0.1047468007661035,0.014418847421737713
2025-04-23 22:30:00,5438130560.721269,0.0,0.0,0.013165333028012594
2025-04-23 22:45:00,5466896631.610656,0.0,0.0,0.005289698466814929
2025-04-23 23:00:00,5541313206.302765,0.0,0.0,0.013612215431661578
2025-04-23 23:15:00,5445009403.760034,96303802.54273129,1.73792382703064,-0.017379238270306407
2025-04-23 23:30:00,5441882656.9242325,99430549.37853241,1.7943499253108226,-0.0005742408513825792
2025-04-23 23:45:00,5500040148.070168,41273058.23259735,0.7448244972988138,0.010687016757322976
2025-04-24 00:00:00,6433281894.99715,0.0,0.0,0.16967907902534773
2025-04-24 00:15:00,6867400038.214136,0.0,0.0,0.0674800436701799
2025-04-24 00:30:00,7786961986.938458,0.0,0.0,0.13390248763831347
2025-04-24 00:45:00,7606088219.221622,180873767.71683598,2.322777073012896,-0.023227770730128938
2025-04-24 01:00:00,7620778474.467662,166183512.47079659,2.134125127996595,0.0019313811282013482
2025-04-24 01:15:00,7587725400.164078,199236586.77438068,2.5585920042832138,-0.00433723069294345
2025-04-24 01:30:00,7688720904.980585,98241081.95787334,1.2616098822963184,0.013310379526165095
2025-04-24 01:45:00,7670358085.923037,116603901.01542187,1.4974248135666854,-0.002388280090340311
2025-04-24 02:00:00,7734627952.62445,52334034.31400871,0.6720725541204868,0.00837899169523304
2025-04-24 02:15:00,7767681026.928035,19280960.01042366,0.24760567783385584,0.004273389037719566
2025-04-24 02:30:00,7663012958.300018,123949028.63844013,1.5917507860748175,-0.013474815490642111
2025-04-24 02:45:00,8964132755.186464,0.0,0.0,0.16979219583299376
2025-04-24 03:00:00,8942658854.678043,21473900.508420944,0.23955357528587007,-0.0023955357528586685
2025-04-24 03:15:00,8660277062.992352,303855692.1941128,3.3896830902945747,-0.03157693883603463
2025-04-24 03:30:00,8891121493.457842,73011261.72862244,0.8144821559718604,0.02665554794452829
2025-04-24 03:45:00,9284093872.761887,0.0,0.0,0.04419829147461285
2025-04-24 04:00:00,8913669088.99168,370424783.77020645,3.9898862381925735,-0.03989886238192575
2025-04-24 04:15:00,8966280145.237305,317813727.5245819,3.4232067434927482,0.0059022895869669245
2025-04-24 04:30:00,9015670116.406666,268423756.3552208,2.891221911733735,0.005508412671624496
2025-04-24 04:45:00,8896489968.584948,387603904.176939,4.174924440543515,-0.013219222340981052
2025-04-24 05:00:00,10480669776.512049,0.0,0.0,0.1780679586579781
2025-04-24 05:15:00,10178916182.076794,301753594.43525505,2.879144185150333,-0.028791441851503285
2025-04-24 05:30:00,10271187942.35865,209481834.1533985,1.9987447235754217,0.009064988711109612
2025-04-24 05:45:00,12340341954.252075,0.0,0.0,0.20145225883368156
2025-04-24 06:00:00,12358068958.164553,0.0,0.0,0.0014365083219083363
2025-04-24 06:15:00,14656292031.42602,0.0,0.0,0.18596943268738686
2025-04-24 06:30:00,14488361121.155273,167930910.27074623,1.1457939696525479,-0.011457939696525532
2025-04-24 06:45:00,14308185248.677282,348106782.74873734,2.3751354162589475,-0.012435904307693257
2025-04-24 07:00:00,14591568659.759172,64723371.66684723,0.44160809247023314,0.019805685078622126
2025-04-24 07:15:00,14239963316.379787,416328715.0462322,2.840614216430324,-0.024096473215319714
2025-04-24 07:30:00,14023052557.28007,633239474.1459503,4.320598093898227,-0.01523253636827926
2025-04-24 07:45:00,16669771753.023804,0.0,0.0,0.18874058875074873
2025-04-24 08:00:00,16850398467.267052,0.0,0.0,0.010835584129127884
2025-04-24 08:15:00,16980287340.430744,0.0,0.0,0.007708356180182285
2025-04-24 08:30:00,17804269879.562897,0.0,0.0,0.048525830135407455
2025-04-24 08:45:00,17725118847.478767,79151032.08412933,0.44456207763388794,-0.004445620776338921
2025-04-24 09:00:00,17578993865.169624,225276014.3932724,1.2652920671117296,-0.008243949367365055
2025-04-24 09:15:00,17625672678.962826,178597200.60007095,1.003114431584069,0.002655374599435323
2025-04-24 09:30:00,20145666795.522823,0.0,0.0,0.14297293286103874
2025-04-24 09:45:00,20437097018.786522,0.0,0.0,0.014466149282706509
2025-04-24 10:00:00,20329990184.595596,107106834.1909256,0.5240804703939562,-0.005240804703939617
2025-04-24 10:15:00,24253587017.163506,0.0,0.0,0.19299551042286733
2025-04-24 10:30:00,24369927374.84146,0.0,0.0,0.004796830984036493
2025-04-24 10:45:00,24516098593.462494,0.0,0.0,0.005998016176770982
2025-04-24 11:00:00,24942679904.948353,0.0,0.0,0.01740004878262358
2025-04-24 11:15:00,24554878712.688484,387801192.2598686,1.5547695505763723,-0.015547695505763737
2025-04-24 11:30:00,24912849044.00529,29830860.94306183,0.11959765773662402,0.014578379128048047
2025-04-24 11:45:00,24417656752.350376,525023152.5979767,2.1049187761649377,-0.019876983591086805
2025-04-24 12:00:00,24548912540.49987,393767364.4484825,1.5786890821237032,0.005375445706388593
2025-04-24 12:15:00,24277451705.917957,665228199.0303955,2.6670277675271836,-0.011057957623746728
2025-04-24 12:30:00,23609240420.793247,1333439484.1551056,5.346015300828063,-0.027523946632414642
2025-04-24 12:45:00,23442187599.512077,1500492305.4362755,6.015762184153252,-0.0070757389184804564
2025-04-24 13:00:00,23409373652.474697,1533306252.4736557,6.147319607663588,-0.0013997817779627386
2025-04-24 13:15:00,28205182239.60641,0.0,0.0,0.20486701858529788
2025-04-24 13:30:00,28503500403.89685,0.0,0.0,0.010576714653221853
2025-04-24 13:45:00,28801818568.187286,0.0,0.0,0.010466018561343216
2025-04-24 14:00:00,34182515206.09281,0.0,0.0,0.1868179478030847
2025-04-24 14:15:00,38794900090.044266,0.0,0.0,0.13493404028763
2025-04-24 14:30:00,38794900090.044266,0.0,0.0,0.0
2025-04-24 14:45:00,38794900090.044266,0.0,0.0,0.0
2025-04-24 15:00:00,38640935801.92447,153964288.11979675,0.3968673401979138,-0.00396867340197915
2025-04-24 15:15:00,38590834528.93813,204065561.1061325,0.5260113072400998,-0.0012965853943899264
2025-04-24 15:30:00,38372210792.27044,422689297.7738266,1.0895486179697604,-0.005665172555513243
2025-04-24 15:45:00,38946098101.02315,0.0,0.0,0.014955805175246972
2025-04-24 16:00:00,43847313081.74521,0.0,0.0,0.12584611089944597
2025-04-24 16:15:00,43847313081.74521,0.0,0.0,0.0
2025-04-24 16:30:00,43645692924.41113,201620157.33407593,0.4598232894184244,-0.004598232894184262
2025-04-24 16:45:00,43532753339.4673,314559742.2779083,0.7173979889975695,-0.002587645592875054
2025-04-24 17:00:00,49570828273.943954,0.0,0.0,0.13870188470258005
2025-04-24 17:15:00,49570828273.943954,0.0,0.0,0.0
2025-04-24 17:30:00,49570828273.943954,0.0,0.0,0.0
2025-04-24 17:45:00,49570828273.943954,0.0,0.0,0.0
2025-04-24 18:00:00,49435703838.540695,135124435.40325928,0.27258861735478623,-0.0027258861735478535
2025-04-24 18:15:00,49617343601.4413,0.0,0.0,0.0036742627048225174
2025-04-24 18:30:00,50179291617.91503,0.0,0.0,0.011325636877855816
2025-04-24 18:45:00,50463103747.44721,0.0,0.0,0.005655961261733955
2025-04-24 19:00:00,49969270642.061195,493833105.38601685,0.9786023227138471,-0.009786023227138507
2025-04-24 19:15:00,50377960108.587555,85143638.85965729,0.16872453839893758,0.00817881592576919
2025-04-24 19:30:00,59249983971.21681,0.0,0.0,0.17610923196385864
2025-04-24 19:45:00,59753919954.171394,0.0,0.0,0.008505250958369626
2025-04-24 20:00:00,59787969682.74942,0.0,0.0,0.0005698325499672308
2025-04-24 20:15:00,59808399519.89621,0.0,0.0,0.0003417048154537028
2025-04-24 20:30:00,60666452680.06211,0.0,0.0,0.014346699912617833
2025-04-24 20:45:00,60966090291.54861,0.0,0.0,0.004939098929464425
2025-04-24 21:00:00,60067177457.0891,898912834.4595032,1.474447238064263,-0.014744472380642581
2025-04-24 21:15:00,71832387133.76678,0.0,0.0,0.19586752990154288
2025-04-24 21:30:00,72709288843.5365,0.0,0.0,0.01220760919634678
2025-04-24 21:45:00,73335647207.65776,0.0,0.0,0.008614557700724168
2025-04-24 22:00:00,75323291083.1358,0.0,0.0,0.02710337947723862
2025-04-24 22:15:00,74930773174.95316,392517908.1826477,0.5211109373187344,-0.0052111093731873614
2025-04-24 22:30:00,74012114240.90868,1311176842.227127,1.740732279979582,-0.012260102159890152
2025-04-24 22:45:00,71698764016.0876,3624527067.0482025,4.8119605701345955,-0.03125637267017056
2025-04-24 23:00:00,72308419490.49892,3014871592.6368866,4.002575497277879,0.008503012329118098
2025-04-24 23:15:00,73995411351.19878,1327879731.937027,1.762907213482507,0.023330503869214425
2025-04-24 23:30:00,75615591653.05904,0.0,0.0,0.02189568612802928
2025-04-24 23:45:00,75498671425.08975,116920227.96928406,0.15462449663257252,-0.001546244966325716
2025-04-25 00:00:00,74805501502.1289,810090150.93013,1.0713268695258007,-0.009181220144365287
2025-04-25 00:15:00,76408978914.27927,0.0,0.0,0.021435287244277346
2025-04-25 00:30:00,76083272564.9362,325706349.34306335,0.42626711411555784,-0.004262671141155527
2025-04-25 00:45:00,75983055226.67682,425923687.6024475,0.5574262261510881,-0.0013172059360859745
2025-04-25 01:00:00,87964011978.4068,0.0,0.0,0.15767932358060266
2025-04-25 01:15:00,91345820384.77138,0.0,0.0,0.03844536339696214
2025-04-25 01:30:00,89892236069.75504,1453584315.0163422,1.5912981118276486,-0.015912981118276437
2025-04-25 01:45:00,89981231027.81723,1364589356.9541473,1.4938716968178256,0.0009900182924933443
2025-04-25 02:00:00,105633096190.26419,0.0,0.0,0.17394588831095525
2025-04-25 02:15:00,102672109137.7425,2960987052.521698,2.803086494017394,-0.028030864940173927
2025-04-25 02:30:00,120307108192.85205,0.0,0.0,0.1717603661131657
2025-04-25 02:45:00,120307108192.85205,0.0,0.0,0.0
2025-04-25 03:00:00,119840560492.92975,466547699.92230225,0.3877972855722101,-0.0038779728557221116
2025-04-25 03:15:00,120531796620.91333,0.0,0.0,0.005767964745328147
2025-04-25 03:30:00,115071031209.84296,5460765411.070374,4.530560038232171,-0.045305600382321676
2025-04-25 03:45:00,114974258151.92523,5557538468.988098,4.610848443973013,-0.0008409854061466326
2025-04-25 04:00:00,115264577325.67834,5267219295.234985,4.369983226750539,0.0025250797736784403
2025-04-25 04:15:00,119674663822.21365,857132798.6996765,0.7111258794187395,0.03826055323201927
2025-04-25 04:30:00,140092327068.05127,0.0,0.0,0.17060973972042826
2025-04-25 04:45:00,138763619555.7124,1328707512.3388672,0.9484513107512548,-0.009484513107512527
2025-04-25 05:00:00,141885281783.49652,0.0,0.0,0.022496258297231897
2025-04-25 05:15:00,169024906021.097,0.0,0.0,0.1912786435383267
2025-04-25 05:30:00,169771868941.09988,0.0,0.0,0.0044192476575593
2025-04-25 05:45:00,201945349846.20117,0.0,0.0,0.18951008259362134
2025-04-25 06:00:00,205467563655.4329,0.0,0.0,0.017441420720577083
2025-04-25 06:15:00,211551387507.7422,0.0,0.0,0.029609655870119767
2025-04-25 06:30:00,243757306886.64166,0.0,0.0,0.15223686196679198
2025-04-25 06:45:00,241678173007.09872,2079133879.5429382,0.8529524329335616,-0.008529524329335625
2025-04-25 07:00:00,238395330039.39938,5361976847.242279,2.1997194323023286,-0.013583531052276387
2025-04-25 07:15:00,240091465572.71063,3665841313.9310303,1.5038898159618306,0.007114801842095453
2025-04-25 07:30:00,277556277819.53,0.0,0.0,0.15604391500319004
2025-04-25 07:45:00,277556277819.53,0.0,0.0,0.0
2025-04-25 08:00:00,277556277819.53,0.0,0.0,0.0
2025-04-25 08:15:00,276779212188.91724,777065630.612793,0.2799668725627057,-0.0027996687256270913
2025-04-25 08:30:00,280946330661.8521,0.0,0.0,0.01505574945451671
2025-04-25 08:45:00,333320666446.6863,0.0,0.0,0.18642114193643655
2025-04-25 09:00:00,328572003026.36957,4748663420.316711,1.4246531638554272,-0.014246531638554272
2025-04-25 09:15:00,329970834111.4241,3349832335.262207,1.0049878907817447,0.004257304554771357
2025-04-25 09:30:00,331774589984.25757,1546076462.428711,0.46384056497618986,0.005466410016784717
2025-04-25 09:45:00,336339196682.8565,0.0,0.0,0.013758156400149657
2025-04-25 10:00:00,334020081989.2135,2319114693.6430054,0.6895166297937503,-0.006895166297937516
2025-04-25 10:15:00,328167078238.5906,8172118444.26593,2.429725266892293,-0.01752290974771975
2025-04-25 10:30:00,319369166940.4847,16970029742.371826,5.045510576744743,-0.026809244075694516
2025-04-25 10:45:00,381722023887.96875,0.0,0.0,0.19523756017156058
2025-04-25 11:00:00,433545064925.38086,0.0,0.0,0.13576120264054148
2025-04-25 11:15:00,432823772172.6988,721292752.6820679,0.16637088299141692,-0.001663708829914179
2025-04-25 11:30:00,422561358357.5069,10983706567.873962,2.533463636534396,-0.023710374695170677
2025-04-25 11:45:00,492209639039.15125,0.0,0.0,0.16482406472841427
2025-04-25 12:00:00,491126895241.14307,1082743798.0081787,0.2199761467739268,-0.0021997614677392585
2025-04-25 12:15:00,503947197566.56274,0.0,0.0,0.026103849024853076
2025-04-25 12:30:00,494676317785.784,9270879780.778748,1.8396530083995999,-0.018396530083996
2025-04-25 12:45:00,504476962125.4643,0.0,0.0,0.019812236784548132
2025-04-25 13:00:00,535468188821.21014,0.0,0.0,0.06143239240335863
2025-04-25 13:15:00,540394999218.9954,0.0,0.0,0.009200939478087866
2025-04-25 13:30:00,529216967026.1708,11178032192.824646,2.068492900374665,-0.020684929003746633
2025-04-25 13:45:00,527839579173.0264,12555420045.968994,2.3233782814635004,-0.0026026902744337166
2025-04-25 14:00:00,590906320084.206,0.0,0.0,0.11948088661708
2025-04-25 14:15:00,578811451756.4376,12094868327.768433,2.046833468635921,-0.020468334686359224
2025-04-25 14:30:00,590970654490.205,0.0,0.0,0.021007191023725502
2025-04-25 14:45:00,709803488354.4558,0.0,0.0,0.20108076934337937
2025-04-25 15:00:00,713046853535.7798,0.0,0.0,0.00456938467412038
2025-04-25 15:15:00,728182557715.292,0.0,0.0,0.02122680172341962
2025-04-25 15:30:00,754515594068.4229,0.0,0.0,0.03616268485714902
2025-04-25 15:45:00,766099041144.5802,0.0,0.0,0.01535216391446359
2025-04-25 16:00:00,786177016076.586,0.0,0.0,0.026208066912613015
2025-04-25 16:15:00,773358001312.3054,12819014764.28064,1.6305506905116476,-0.01630550690511645
2025-04-25 16:30:00,770500751033.52,15676265043.06604,1.9939866877943586,-0.00369460233674046
2025-04-25 16:45:00,771350203819.1046,14826812257.481445,1.885938148061693,0.0011024684718934363
2025-04-25 17:00:00,762778452982.7484,23398563093.837646,2.976246139909826,-0.01111265777064141
2025-04-25 17:15:00,773821339195.3516,12355676881.234497,1.571615123384739,0.014477186880963
2025-04-25 17:30:00,794362652010.4039,0.0,0.0,0.026545291237912938
2025-04-25 17:45:00,811892268585.6553,0.0,0.0,0.022067523606361217
2025-04-25 18:00:00,873133318579.0305,0.0,0.0,0.07543001992131204
2025-04-25 18:15:00,884130675301.702,0.0,0.0,0.012595277821454642
2025-04-25 18:30:00,897604914169.1194,0.0,0.0,0.015240098826815762
2025-04-25 18:45:00,866990650860.0605,30614263309.058838,3.410661286028872,-0.03410661286028871
2025-04-25 19:00:00,1032016081595.2196,0.0,0.0,0.19034280308726825
2025-04-25 19:15:00,1031310583197.6575,705498397.5621338,0.06836118255750655,-0.0006836118255750812
2025-04-25 19:30:00,1227415917096.785,0.0,0.0,0.19015157712343833
2025-04-25 19:45:00,1241514673934.449,0.0,0.0,0.011486535771030093
2025-04-25 20:00:00,1238443657593.5718,3071016340.8771973,0.24736045456030953,-0.002473604545603081
2025-04-25 20:15:00,1240118757415.8684,1395916518.5805664,0.11243657025468792,0.0013525846024771138
2025-04-25 20:30:00,1245562831838.333,0.0,0.0,0.004389962162824501
2025-04-25 20:45:00,1265105663098.4612,0.0,0.0,0.015689960201594078
2025-04-25 21:00:00,1253938330949.8164,11167332148.644775,0.8827193233246667,-0.008827193233246655
2025-04-25 21:15:00,1230068158482.088,35037504616.37329,2.769531876931166,-0.01903616141126152
2025-04-25 21:30:00,1459151066633.2385,0.0,0.0,0.1862359468225243
2025-04-25 21:45:00,1496342212136.9048,0.0,0.0,0.025488207735391732
2025-04-25 22:00:00,1738067661335.419,0.0,0.0,0.16154422914615862
2025-04-25 22:15:00,1763971562659.545,0.0,0.0,0.014903850926161866
2025-04-25 22:30:00,1870553263527.513,0.0,0.0,0.06042143939513078
2025-04-25 22:45:00,1932445791118.7446,0.0,0.0,0.03308781888119783
2025-04-25 23:00:00,2146283848319.2617,0.0,0.0,0.11065669121653365
2025-04-25 23:15:00,2195684653267.89,0.0,0.0,0.02301690197562345
2025-04-25 23:30:00,2240425004919.478,0.0,0.0,0.020376492400673296
2025-04-25 23:45:00,2224579463709.5405,15845541209.9375,0.7072560418288582,-0.0070725604182886315
2025-04-26 00:00:00,2055405009026.9734,185019995892.50464,8.258254370766334,-0.07604783620561906
2025-04-26 00:15:00,2439381516006.0977,0.0,0.0,0.18681306374790752
2025-04-26 00:30:00,2439381516006.0977,0.0,0.0,0.0
2025-04-26 00:45:00,2439381516006.0977,0.0,0.0,0.0
2025-04-26 01:00:00,2439381516006.0977,0.0,0.0,0.0
2025-04-26 01:15:00,2439381516006.0977,0.0,0.0,0.0
2025-04-26 01:30:00,2432077931207.4443,7303584798.65332,0.2994031376695511,-0.0029940313766955162
2025-04-26 01:45:00,2533347868439.7803,0.0,0.0,0.041639264898908346
2025-04-26 02:00:00,2605468146319.881,0.0,0.0,0.028468367403690742
2025-04-26 02:15:00,2577323647634.9634,28144498684.91748,1.080208895459745,-0.010802088954597444
2025-04-26 02:30:00,2552445921118.831,53022225201.049805,2.035036401267909,-0.009652542682779042
2025-04-26 02:45:00,2923376152348.725,0.0,0.0,0.1453234437450106
2025-04-26 03:00:00,2898096451142.4194,25279701206.305664,0.8647433614040814,-0.008647433614040856
2025-04-26 03:15:00,2972430810641.9146,0.0,0.0,0.025649373908930073
2025-04-26 03:30:00,2997409563024.335,0.0,0.0,0.008403476472182758
2025-04-26 03:45:00,2966411834164.222,30997728860.112793,1.0341505959845079,-0.010341505959845065
2025-04-26 04:00:00,3015767441281.2954,0.0,0.0,0.016638150693927267
2025-04-26 04:15:00,3046765170141.408,0.0,0.0,0.010278554120520367
2025-04-26 04:30:00,3099732163145.0977,0.0,0.0,0.01738466538963057
2025-04-26 04:45:00,3143971640256.133,0.0,0.0,0.014272032157174541
2025-04-26 05:00:00,3120798580817.018,23173059439.114746,0.7370632464492233,-0.0073706324644922105
2025-04-26 05:15:00,3053386044266.87,90585595989.2627,2.8812472361195622,-0.021601053321582686
2025-04-26 05:30:00,3523884858828.3667,0.0,0.0,0.15409083808610413
2025-04-26 05:45:00,3487159519377.2046,36725339451.16211,1.0421832983320767,-0.010421832983320778
2025-04-26 06:00:00,3525702944939.8096,0.0,0.0,0.011052957385066398
2025-04-26 06:15:00,3631151939403.5435,0.0,0.0,0.029908644066306556
2025-04-26 06:30:00,3613698312733.683,17453626669.86035,0.48066362854337896,-0.004806636285433763
2025-04-26 06:45:00,3656968762186.043,0.0,0.0,0.011974007154910149
2025-04-26 07:00:00,3722056244975.7266,0.0,0.0,0.017798205842692427
2025-04-26 07:15:00,3618425336623.437,103630908352.28955,2.7842381074218663,-0.02784238107421866
2025-04-26 07:30:00,3562428284390.9717,159627960584.75488,4.288703611081403,-0.01547553065851548
2025-04-26 07:45:00,3456252055482.6616,265804189493.06494,7.141326514124141,-0.02980445371308349
2025-04-26 08:00:00,3484250581598.895,237805663376.83154,6.389093762294353,0.008100834564950032
2025-04-26 08:15:00,3538429547719.916,183626697255.81055,4.933474541221181,0.015549675562128717
2025-04-26 08:30:00,4085100627894.915,0.0,0.0,0.15449539769055498
2025-04-26 08:45:00,4060728090197.443,24372537697.472168,0.5966202529025957,-0.00596620252902591
2025-04-26 09:00:00,4046617673635.7495,38482954259.16553,0.9420319782672305,-0.003474848905977157
2025-04-26 09:15:00,4094507572269.379,0.0,0.0,0.011834549862626886
2025-04-26 09:30:00,4173611422690.998,0.0,0.0,0.019319502779127973
2025-04-26 09:45:00,4129142231102.6274,44469191588.370605,1.0654847105938394,-0.010654847105938448
2025-04-26 10:00:00,4103059339882.526,70552082808.47217,1.6904324735382927,-0.006316781975596042
2025-04-26 10:15:00,4040631436306.5464,132979986384.45166,3.1862090864872807,-0.015214964835913558
2025-04-26 10:30:00,4029941726790.112,143669695900.88623,3.4423352188415532,-0.002645554212241108
2025-04-26 10:45:00,4089376511701.489,84234910989.50928,2.0182739229517814,0.014748298844191376
2025-04-26 11:00:00,4067997092668.619,105614330022.3789,2.530526187660338,-0.005228038790679679
2025-04-26 11:15:00,4928145227471.945,0.0,0.0,0.21144266212812513
2025-04-26 11:30:00,5613907199419.946,0.0,0.0,0.13915214351338934
2025-04-26 11:45:00,5588870338713.682,25036860706.26465,0.4459792407835236,-0.004459792407835228
2025-04-26 12:00:00,5748091517039.394,0.0,0.0,0.028488973383905325
2025-04-26 12:15:00,5699239564598.552,48851952440.8418,0.8498812570403096,-0.00849881257040308
2025-04-26 12:30:00,6721317783061.642,0.0,0.0,0.17933589330265054
2025-04-26 12:45:00,6899872877873.143,0.0,0.0,0.026565489175571555
2025-04-26 13:00:00,6915776570528.42,0.0,0.0,0.0023049254583049628
2025-04-26 13:15:00,7046620587374.096,0.0,0.0,0.018919641997005465
2025-04-26 13:30:00,7048789272736.177,0.0,0.0,0.0003077624707035209
2025-04-26 13:45:00,6975776865546.048,73012407190.1289,1.0358148664272266,-0.010358148664272315
2025-04-26 14:00:00,7052403748339.649,0.0,0.0,0.01098470955572961
2025-04-26 14:15:00,6947583955838.971,104819792500.67871,1.4862988030904567,-0.014862988030904578
2025-04-26 14:30:00,6844932848700.372,207470899639.27734,2.941846596461842,-0.01477507976745318
2025-04-26 14:45:00,6933126053425.082,119277694914.56738,1.6913055345512369,0.012884451414516773
2025-04-26 15:00:00,6777703602475.801,274700145863.84863,3.8951278977543144,-0.022417369848987567
2025-04-26 15:15:00,6633847473457.625,418556274882.0244,5.934944875788845,-0.021224907056370368
2025-04-26 15:30:00,6468304490818.62,584099257521.0293,8.28227195101449,-0.024954294367085073
2025-04-26 15:45:00,6539148212646.665,513255535692.9844,7.277738966856802,0.010952440771550442
2025-04-26 16:00:00,6654088536837.067,398315211502.58203,5.647935451743777,0.017577262428172036
2025-04-26 16:15:00,6349749691024.748,702654057314.9014,9.963327148992676,-0.04573711998683183
2025-04-26 16:30:00,7636984920673.369,0.0,0.0,0.20272220044643707
2025-04-26 16:45:00,7636984920673.369,0.0,0.0,0.0
2025-04-26 17:00:00,7613177867812.277,23807052861.091797,0.3117336633289133,-0.0031173366332891694
2025-04-26 17:15:00,7705470481732.779,0.0,0.0,0.012122744998603663
2025-04-26 17:30:00,7701422560069.602,4047921663.1777344,0.052533088962887727,-0.0005253308896289166
2025-04-26 17:45:00,9136889328977.33,0.0,0.0,0.18638982054436903
2025-04-26 18:00:00,9246647253438.39,0.0,0.0,0.012012613977162578
2025-04-26 18:15:00,10808904431306.54,0.0,0.0,0.1689539067565511
2025-04-26 18:30:00,10751850330255.037,57054101051.50195,0.5278435147067488,-0.005278435147067495
2025-04-26 18:45:00,10641165374215.12,167739057091.41992,1.5518599332378802,-0.010294503052042825
2025-04-26 19:00:00,10625190225920.701,183714205385.8379,1.699656117355746,-0.0015012592824774629
2025-04-26 19:15:00,10671974588782.932,136929842523.60742,1.2668244352962224,0.004403155319337104
2025-04-26 19:30:00,10624049143899.668,184855287406.8711,1.7102129876499104,-0.004490775768304145
2025-04-26 19:45:00,10628613471983.79,180290959322.75,1.6679855064733615,0.00042962226758347377
2025-04-26 20:00:00,12650428003890.902,0.0,0.0,0.19022373306136897
2025-04-26 20:15:00,12520915244480.312,129512759410.58984,1.0237816409907672,-0.010237816409907619
2025-04-26 20:30:00,12493933419603.102,156494584287.80078,1.237069482863881,-0.0021549403019164304
2025-04-26 20:45:00,12555991616820.684,94436387070.21875,0.746507446555744,0.004967066426031286
2025-04-26 21:00:00,12449413408555.713,201014595335.18945,1.5889944219544447,-0.00848823506079699
2025-04-26 21:15:00,12504726149553.99,145701854336.9121,1.1517543461146016,0.0044429997770227825
2025-04-26 21:30:00,14843366345628.793,0.0,0.0,0.18702050473598053
2025-04-26 21:45:00,14603359220829.428,240007124799.36523,1.6169318954392355,-0.01616931895439233
2025-04-26 22:00:00,15191611977690.623,0.0,0.0,0.04028201648440888
2025-04-26 22:15:00,17802541198706.8,0.0,0.0,0.17186650270230786
2025-04-26 22:30:00,17471533706689.111,331007492017.68945,1.8593272068469318,-0.01859327206846928
2025-04-26 22:45:00,21302362276111.508,0.0,0.0,0.21926114980711353
2025-04-26 23:00:00,21110992050704.55,191370225406.95703,0.8983521307473011,-0.008983521307473041
2025-04-26 23:15:00,21527503717766.74,0.0,0.0,0.019729611287892412
2025-04-26 23:30:00,25945773185534.098,0.0,0.0,0.20523835581182337
2025-04-26 23:45:00,25980593863943.418,0.0,0.0,0.0013420559164039059
2025-04-27 00:00:00,25629708566126.438,350885297816.98047,1.350566887171693,-0.013505668871716892
2025-04-27 00:15:00,29517817442196.914,0.0,0.0,0.15170320279057736
2025-04-27 00:30:00,29517817442196.914,0.0,0.0,0.0
2025-04-27 00:45:00,29421354166157.137,96463276039.77734,0.3267967769930008,-0.0032679677699299914
2025-04-27 01:00:00,28673071472288.457,844745969908.457,2.8618171772444754,-0.025433319270172006
2025-04-27 01:15:00,31061589831117.297,0.0,0.0,0.08330179629124346
2025-04-27 01:30:00,31178321931360.805,0.0,0.0,0.0037580851745897537
2025-04-27 01:45:00,32746722457709.562,0.0,0.0,0.05030419949481568
2025-04-27 02:00:00,31797900001884.08,948822455825.4844,2.897457774746257,-0.028974577747462593
2025-04-27 02:15:00,31708106078619.832,1038616379089.7305,3.1716651351323524,-0.0028238947621989086
2025-04-27 02:30:00,32576114003507.504,170608454202.0586,0.5209939847335537,0.027374953355317366
2025-04-27 02:45:00,32444416249386.617,302306208322.9453,0.9231647799664707,-0.004042770543678298
2025-04-27 03:00:00,36057166026799.31,0.0,0.0,0.1113519734688091
2025-04-27 03:15:00,36257836060444.5,0.0,0.0,0.005565330162000004
2025-04-27 03:30:00,37821547832056.945,0.0,0.0,0.04312755369640975
2025-04-27 03:45:00,37904844827154.95,0.0,0.0,0.0022023687520109636
2025-04-27 04:00:00,37601946663162.23,302898163992.72656,0.7991014483080826,-0.007991014483080816
2025-04-27 04:15:00,39097506347876.305,0.0,0.0,0.0397734643397929
2025-04-27 04:30:00,38063866363251.13,1033639984625.1719,2.6437491317942254,-0.026437491317942263
2025-04-27 04:45:00,38177453174748.39,920053173127.9141,2.3532272491795103,0.0029841112411774784
2025-04-27 05:00:00,39002850671628.58,94655676247.72656,0.24210156884562553,0.02162002512588046
2025-04-27 05:15:00,36787907847431.77,2309598500444.5312,5.907278279833271,-0.056789254786650645
2025-04-27 05:30:00,37583015527912.67,1514490819963.6328,3.873625101530028,0.021613288904017036
2025-04-27 05:45:00,43290394985062.695,0.0,0.0,0.15186060450394634
2025-04-27 06:00:00,41575331306903.54,1715063678159.1562,3.961764910555649,-0.03961764910555654
2025-04-27 06:15:00,41675149827854.61,1615245157208.086,3.7311860004174706,0.0024009074086319693
2025-04-27 06:30:00,50550605389351.414,0.0,0.0,0.21296757415769818
2025-04-27 06:45:00,50064534217861.69,486071171489.72656,0.9615536109724185,-0.00961553610972421
2025-04-27 07:00:00,48914688435842.99,1635916953508.4219,3.2361965616598356,-0.022967272141492523
2025-04-27 07:15:00,51256192573771.99,0.0,0.0,0.04786914141342513
2025-04-27 07:30:00,52285827205852.37,0.0,0.0,0.020088004597657916
2025-04-27 07:45:00,52165616055914.05,120211149938.32031,0.2299115388670088,-0.0022991153886701143
2025-04-27 08:00:00,52771898377342.09,0.0,0.0,0.01162225939742001
2025-04-27 08:15:00,53817212724631.83,0.0,0.0,0.019808162666714813
2025-04-27 08:30:00,54575065626416.88,0.0,0.0,0.01408197978707637
2025-04-27 08:45:00,61304672288949.87,0.0,0.0,0.12330918131366464
2025-04-27 09:00:00,64566812849099.625,0.0,0.0,0.0532119402706237
2025-04-27 09:15:00,64050099745106.45,516713103993.1719,0.8002766145524207,-0.008002766145524198
2025-04-27 09:30:00,62574665942137.97,1992146906961.6562,3.0854038151419094,-0.02303562069130438
2025-04-27 09:45:00,61012075711989.89,3554737137109.7344,5.505517432643889,-0.024971611220313772
2025-04-27 10:00:00,60352177049058.82,4214635800040.8047,6.527557446409681,-0.0108158697312013
2025-04-27 10:15:00,61460308766056.27,3106504083043.3516,4.811301574236944,0.018361089378709172
2025-04-27 10:30:00,60999624793821.375,3567188055278.25,5.524801206488534,-0.007495633873048968
2025-04-27 10:45:00,61074330302832.43,3492482546267.1953,5.4090985634207245,0.0012246880085502454
2025-04-27 11:00:00,73829015667453.86,0.0,0.0,0.20883872653827384
2025-04-27 11:15:00,74343909358125.11,0.0,0.0,0.006974137282155679
2025-04-27 11:30:00,73177826588075.52,1166082770049.5938,1.568498051982185,-0.015684980519821812
2025-04-27 11:45:00,87367113884471.53,0.0,0.0,0.19390145837848904
2025-04-27 12:00:00,89095287310352.3,0.0,0.0,0.019780594196644685
2025-04-27 12:15:00,104770184308149.2,0.0,0.0,0.1759340754264067
2025-04-27 12:30:00,106919996815261.58,0.0,0.0,0.020519315884654388
2025-04-27 12:45:00,102782417969914.6,4137578845346.9844,3.869789532912139,-0.03869789532912138
2025-04-27 13:00:00,123494750860634.44,0.0,0.0,0.20151630307804735
2025-04-27 13:15:00,124366460326585.69,0.0,0.0,0.007058676258515417
2025-04-27 13:30:00,144209234139187.47,0.0,0.0,0.15955084482178528
2025-04-27 13:45:00,146891853960253.62,0.0,0.0,0.018602274931138973
2025-04-27 14:00:00,145469027977809.72,1422825982443.9062,0.9686214341258829,-0.009686214341258825
2025-04-27 14:15:00,173910155862430.47,0.0,0.0,0.19551328746734487
2025-04-27 14:30:00,174707132209765.78,0.0,0.0,0.004582690087206576
2025-04-27 14:45:00,209490328405037.8,0.0,0.0,0.19909431146467949
2025-04-27 15:00:00,209961538612275.22,0.0,0.0,0.002249317239726434
2025-04-27 15:15:00,211332331942420.6,0.0,0.0,0.006528783029527752
2025-04-27 15:30:00,215487549224423.62,0.0,0.0,0.019662004596320726
2025-04-27 15:45:00,218528996925683.53,0.0,0.0,0.01411426187826903
2025-04-27 16:00:00,219664185152210.16,0.0,0.0,0.005194680076771041
2025-04-27 16:15:00,210432748819512.72,9231436332697.438,4.202522284777908,-0.0420252228477791
2025-04-27 16:30:00,209169048718285.0,10495136433925.156,4.777809558100173,-0.006005244470344229
2025-04-27 16:45:00,206984346848365.8,12679838303844.344,5.77237399672514,-0.010444670869357964
2025-04-27 17:00:00,245851351479778.88,0.0,0.0,0.18777750696233353
2025-04-27 17:15:00,241091745859515.2,4759605620263.6875,1.9359688655830563,-0.019359688655830598
2025-04-27 17:30:00,279859012656213.66,0.0,0.0,0.1607988139887968
2025-04-27 17:45:00,278570572202837.9,1288440453375.75,0.46038912277536864,-0.004603891227753731
2025-04-27 18:00:00,275400307874688.84,4458704781524.8125,1.593196781195682,-0.011380471034968753
2025-04-27 18:15:00,278654000211473.47,1205012444740.1875,0.43057839492218075,0.011814410673299358
2025-04-27 18:30:00,316878672918417.3,0.0,0.0,0.1371761133087439
2025-04-27 18:45:00,315456202123826.5,1422470794590.8125,0.44890076744200386,-0.004489007674420065
2025-04-27 19:00:00,327401332836922.7,0.0,0.0,0.037866209739022105
2025-04-27 19:15:00,313216490115121.06,14184842721801.625,4.3325549712612315,-0.043325549712612266
2025-04-27 19:30:00,373424170899839.6,0.0,0.0,0.19222385373959572
2025-04-27 19:45:00,387504255136593.7,0.0,0.0,0.03770533707774004
2025-04-27 20:00:00,381250503436632.9,6253751699960.8125,1.6138536847179628,-0.016138536847179585
2025-04-27 20:15:00,376788762457713.44,10715492678880.25,2.765258067967043,-0.011702911704249086
2025-04-27 20:30:00,449129955062492.2,0.0,0.0,0.19199402904936025
2025-04-27 20:45:00,454742911509042.1,0.0,0.0,0.012497399434800549
2025-04-27 21:00:00,541466283851313.2,0.0,0.0,0.19070857433375665
2025-04-27 21:15:00,546442490925262.3,0.0,0.0,0.009190243644635832
2025-04-27 21:30:00,571805094721519.2,0.0,0.0,0.04641404030149965
2025-04-27 21:45:00,652496492541971.9,0.0,0.0,0.1411169619951549
2025-04-27 22:00:00,679611116754643.4,0.0,0.0,0.04155520301272331
2025-04-27 22:15:00,788706883421532.4,0.0,0.0,0.16052675416472817
2025-04-27 22:30:00,808662280258353.1,0.0,0.0,0.025301410772847754
2025-04-27 22:45:00,788706883421532.4,19955396836820.75,2.467704667818234,-0.02467704667818238
2025-04-27 23:00:00,898223771663477.6,0.0,0.0,0.13885626022032937
2025-04-27 23:15:00,898223771663477.6,0.0,0.0,0.0
2025-04-27 23:30:00,896415857981294.0,1807913682183.625,0.20127653478101953,-0.0020127653478101415
2025-04-27 23:45:00,894850962265634.2,3372809397843.375,0.37549767710968673,-0.0017457251583923306
2025-04-28 00:00:00,919613135648720.6,0.0,0.0,0.027671840817371507
2025-04-28 00:15:00,1075725041377861.5,0.0,0.0,0.16975823819547253
2025-04-28 00:30:00,1072500416987926.9,3224624389934.625,0.2997628823257947,-0.0029976288232579362
2025-04-28 00:45:00,1222215380270876.5,0.0,0.0,0.1395943170851326
2025-04-28 01:00:00,1222215380270876.5,0.0,0.0,0.0
2025-04-28 01:15:00,1218753909180849.0,3461471090027.5,0.28321285641654603,-0.0028321285641654814
