type,date,side,price,intended_price,slippage_pct,size,cost,commission,balance,stop_loss,take_profit,pnl,pnl_pct,reinvested,reason
entry,2025-04-17 23:15:00,SELL,2.253237909008884,2.2546,0.060413864593102065,66.5708664851904,10.0,0.004,49.996,2.299692,2.1193239999999998,,,,
exit,2025-04-18 00:00:00,,2.260667062504156,2.2586,0.09151963624173756,66.5708664851904,,0.004013188404944846,59.49742162616334,,,-0.49857837383666503,-4.98578373836665,0.0,signal_reversal
entry,2025-04-18 00:00:00,BUY,2.2612633974534724,2.2586,0.11792249417658511,78.93475173192984,11.899484325232669,0.004759793730093068,59.49266183243324,2.213428,2.394116,,,,
exit,2025-04-18 02:00:00,,2.258067727027491,2.2608,0.12085425391495105,78.93475173192984,,0.00475306707804795,71.13514363889597,,,-0.2570025187699471,-2.1597786235574707,0.0,signal_reversal
entry,2025-04-18 02:00:00,SELL,2.258775193613712,2.2608,0.08956149974734581,94.47838435628923,14.227028727779194,0.005690811491111678,71.12945282740486,2.306016,2.125152,,,,
exit,2025-04-18 04:45:00,,2.2128935996582526,2.2112,0.07659188034789793,94.47838435628923,,0.005575216321282262,86.43879246825452,,,4.329243652281821,30.429710483600086,3.246932739211366,signal_reversal
entry,2025-04-18 04:45:00,BUY,2.212990415807365,2.2112,0.08097032413916422,117.1791687629868,17.287758493650905,0.006915103397460362,86.43187736485706,2.166976,2.3438719999999997,,,,
exit,2025-04-18 07:00:00,,2.185917638322182,2.1882,0.10430315683293499,117.1791687629868,,0.006830506982478521,100.54043978970645,,,-3.1791960688015135,-18.389868588048035,0.0,signal_reversal
entry,2025-04-18 07:00:00,SELL,2.1871057693802514,2.1882,0.05000596927835437,137.9088856112287,20.108087957941294,0.008043235183176518,100.53239655452327,2.231964,2.056908,,,,
exit,2025-04-18 07:30:00,,2.208966012374519,2.2058,0.14353125281164203,137.9088856112287,,0.008123627763190654,117.61763913417127,,,-3.0228453782933027,-15.032982671529888,0.0,signal_reversal
entry,2025-04-18 07:30:00,BUY,2.207108812358922,2.2058,0.05933504211270411,159.8711016995081,23.523527826834254,0.009409411130733703,117.60822972304054,2.161684,2.338148,,,,
exit,2025-04-18 09:15:00,,2.1883692454922503,2.1916,0.1474153361813207,159.8711016995081,,0.009329520058724462,138.12651282946962,,,-3.005244720405158,-12.775484793471122,0.0,signal_reversal
entry,2025-04-18 09:15:00,SELL,2.188990061357576,2.1916,0.11908827534332128,189.30169935601143,27.625302565893925,0.01105012102635757,138.11546270844326,2.2354320000000003,2.060104,,,,
exit,2025-04-18 10:30:00,,2.1692543525018735,2.1678,0.06708886898576116,189.30169935601143,,0.010950494273707439,166.67202845686376,,,3.7250527301062437,13.484206086868989,2.793789547579683,signal_reversal
entry,2025-04-18 10:30:00,BUY,2.1706991194540715,2.1678,0.13373555927997774,230.34794683859494,33.33440569137275,0.0133337622765491,166.6586946945872,2.124444,2.2978680000000002,,,,
exit,2025-04-18 11:15:00,,2.15455235426983,2.1585,0.18288838221774312,230.34794683859494,,0.013234578964328439,196.26049159872073,,,-3.7326087872392177,-11.197466130932856,0.0,signal_reversal
entry,2025-04-18 11:15:00,SELL,2.1554030501600816,2.1585,0.14347694417043297,273.1653714382716,39.25209831974415,0.01570083932789766,196.24479075939283,2.20167,2.02899,,,,
exit,2025-04-18 13:15:00,,2.1512490902614854,2.1494,0.086028206080075,273.1653714382716,,0.01567058018126727,235.7766509337516,,,1.1190474184584591,2.8509238139138366,0.8392855638438443,signal_reversal
entry,2025-04-18 13:15:00,BUY,2.1515350278207355,2.1494,0.09933133994302042,328.7559550065522,47.15533018675032,0.018862132074700128,235.7577888016769,2.1064119999999997,2.2783640000000003,,,,
exit,2025-04-18 14:45:00,,2.120958353557978,2.1227,0.0820486381505767,328.7559550065522,,0.018594071708082072,272.842261168542,,,-10.07085781988521,-21.356775108988455,0.0,signal_reversal
entry,2025-04-18 14:45:00,SELL,2.120560524522702,2.1227,0.10079028959806662,385.9954828169127,54.5684522337084,0.02182738089348336,272.82043378764854,2.1651540000000002,1.9953379999999998,,,,
exit,2025-04-18 18:30:00,,2.1445933931489636,2.1434,0.05567757529920384,385.9954828169127,,0.02207475632625321,318.0902325361614,,,-9.298653485195548,-17.040346765509906,0.0,signal_reversal
entry,2025-04-18 18:30:00,BUY,2.145781206055361,2.1434,0.11109480523286697,444.71947788318175,63.618046507232286,0.025447218602892917,318.0647853175585,2.1005320000000003,2.2720040000000004,,,,
exit,2025-04-18 22:45:00,,2.134365618958108,2.1384,0.1886635354419974,444.71947788318175,,0.025311839031329705,376.58078605213916,,,-5.102045772651666,-8.019808926499575,0.0,signal_reversal
entry,2025-04-18 22:45:00,SELL,2.1357732663605704,2.1384,0.12283640289137768,528.9617469936481,75.31615721042783,0.030126462884171135,376.55065958925496,2.181168,2.010096,,,,
exit,2025-04-18 23:15:00,,2.1411572153295215,2.137,0.19453511134867474,528.9617469936481,,0.030202406965566902,448.9887113403762,,,-2.8781054593065987,-3.821365250042407,0.0,signal_reversal
entry,2025-04-18 23:15:00,BUY,2.13854789426111,2.137,0.07243304918625976,629.8508149552194,89.79774226807524,0.035919096907230094,448.952792243469,2.09426,2.2652200000000002,,,,
exit,2025-04-19 01:00:00,,2.1444838939676236,2.1473,0.13114637136759388,629.8508149552194,,0.03601879808730267,539.6762283752028,,,3.7027754546342284,4.123461638467756,2.7770815909756714,signal_reversal
entry,2025-04-19 01:00:00,SELL,2.1455392838008716,2.1473,0.08199674936564735,754.6022099662806,107.93524567504056,0.043174098270016226,539.6330542769327,2.190246,2.018462,,,,
exit,2025-04-19 01:30:00,,2.153674502978656,2.1505,0.14761697180451527,754.6022099662806,,0.043337801053219334,641.3861077808037,,,-6.1821921711695405,-5.7276861997258965,0.0,signal_reversal
entry,2025-04-19 01:30:00,BUY,2.1534499761777766,2.1505,0.1371762928517291,893.5235759493509,128.27722155616075,0.0513108886224643,641.3347968921813,2.10749,2.2795300000000003,,,,
exit,2025-04-19 02:15:00,,2.1962148206441543,2.2002,0.18112804998844928,893.5235759493509,,0.05232985920253139,779.1517851716703,,,38.15906689331312,29.74734440799124,28.61930016998484,signal_reversal
entry,2025-04-19 02:15:00,SELL,2.1983141806608364,2.2002,0.08571126893753508,1063.2944899679205,155.83035703433407,0.06233214281373363,779.0894530288566,2.2442040000000003,2.068188,,,,
exit,2025-04-19 05:45:00,,2.1944969471998514,2.1922,0.10477817716682243,1063.2944899679205,,0.06222390699224067,935.9189649129393,,,3.9966193989942296,2.5647245344587484,2.997464549245672,signal_reversal
entry,2025-04-19 05:45:00,BUY,2.195453698146822,2.1922,0.14842159231921012,1278.8959735788735,187.18379298258787,0.07487351719303516,935.8440913957462,2.148356,2.323732,,,,
exit,2025-04-19 07:15:00,,2.2946015425773685,2.2978,0.13919651068985905,1278.8959735788735,,0.0782548446338685,1154.7082654249882,,,126.72152418661683,67.69898299817264,95.04114313996263,signal_reversal
entry,2025-04-19 07:15:00,SELL,2.294468721351376,2.2978,0.14497687564731235,1509.772072305564,230.94165308499765,0.09237666123399907,1154.6158887637541,2.343756,2.159932,,,,
exit,2025-04-19 08:30:00,,2.2718384633838142,2.269,0.12509754886795119,1509.772072305564,,0.09146555372817253,1394.0763083274437,,,34.07506591476727,14.754837622222269,25.556299436075456,signal_reversal
entry,2025-04-19 08:30:00,BUY,2.271936240584543,2.269,0.12940681289304823,1840.8214325179706,278.8152616654888,0.11152610466619552,1393.9647822227776,2.22362,2.4051400000000003,,,,
exit,2025-04-19 09:15:00,,2.2596964916596223,2.2642,0.19890064218611045,1840.8214325179706,,0.11092527287553863,1650.1379264657576,,,-22.64211742250864,-8.120831437725863,0.0,signal_reversal
entry,2025-04-19 09:15:00,SELL,2.2614041299988363,2.2642,0.12348158295044827,2189.0885020183546,330.02758529315156,0.13201103411726062,1650.0059154316402,2.3094840000000003,2.128348,,,,
exit,2025-04-19 10:00:00,,2.2516931892911605,2.2478,0.17319998626037675,2189.0885020183546,,0.1314441512200085,1985.3151668487255,,,21.126664495735206,6.401484432572251,15.844998371801404,signal_reversal
entry,2025-04-19 10:00:00,BUY,2.250923319049741,2.2478,0.13895004225203084,2646.001065491899,397.06303336974514,0.15882521334789806,1985.1563416353777,2.202844,2.382668,,,,
exit,2025-04-19 11:00:00,,2.239422211040569,2.242,0.11497720604063869,2646.001065491899,,0.15801369483998853,2351.6294172636754,,,-30.589957741447193,-7.704055822532798,0.0,signal_reversal
entry,2025-04-19 11:00:00,SELL,2.2401949165724733,2.242,0.0805121956970047,3149.2296494383154,470.32588345273507,0.18813035338109405,2351.4412869102944,2.28684,2.10748,,,,
exit,2025-04-19 11:45:00,,2.238758561802503,2.2351,0.16368671658999642,3149.2296494383154,,0.1880097290869953,2822.851020687933,,,4.335401299615571,0.9217866700826073,3.251550974711678,signal_reversal
entry,2025-04-19 11:45:00,BUY,2.236979790195098,2.2351,0.08410318084640599,3785.7083462185483,564.5702041375866,0.22582808165503468,2822.6251926062782,2.190398,2.369206,,,,
exit,2025-04-19 12:30:00,,2.2164618827393494,2.2181,0.07385227269512908,3785.7083462185483,,0.22375675329497685,3309.2968264884025,,,-77.89857025546247,-13.797853603425105,0.0,signal_reversal
entry,2025-04-19 12:30:00,SELL,2.216415441334581,2.2181,0.0759460198106298,4479.255239932492,661.8593652976806,0.26474374611907225,3309.0320827422834,2.262462,2.085014,,,,
exit,2025-04-19 13:45:00,,2.2165141075840475,2.2145,0.0909508956444967,4479.255239932492,,0.2647555314874704,3970.1847411935487,,,-0.7067068464153998,-0.10677598345949953,0.0,signal_reversal
entry,2025-04-19 13:45:00,BUY,2.2168703792735855,2.2145,0.10703902793341016,5372.6886041408725,794.0369482387098,0.31761477929548393,3969.867126414253,2.17021,2.34737,,,,
exit,2025-04-19 14:30:00,,2.2175587587032743,2.2194,0.08296121910089721,5372.6886041408725,,0.3177134045839429,4764.74925838112,,,3.3807349126300723,0.4257654407806888,2.5355511844725545,signal_reversal
entry,2025-04-19 14:30:00,SELL,2.2174031463057076,2.2194,0.08997268154871255,6446.391040329412,952.9498516762241,0.38117994067048966,4764.36807844045,2.263788,2.0862359999999995,,,,
exit,2025-04-19 16:15:00,,2.208733024185005,2.206,0.12389048889416376,6446.391040329412,,0.37968951406895746,5731.195757127521,,,55.5113080433888,5.8252076901785825,41.6334810325416,signal_reversal
entry,2025-04-19 16:15:00,BUY,2.2073192607845935,2.206,0.059803299392286347,7789.3522594783535,1146.2391514255041,0.4584956605702017,5730.73726146695,2.16188,2.33836,,,,
exit,2025-04-19 17:30:00,,2.1920612196411433,2.1959,0.17481580941102856,7789.3522594783535,,0.4553263203767098,6757.67082931613,,,-119.30558357632418,-10.408437316763388,0.0,signal_reversal
entry,2025-04-19 17:30:00,SELL,2.194231765863639,2.1959,0.07597040559046875,9239.230241464047,1351.534165863226,0.5406136663452904,6757.130215649785,2.239818,2.064146,,,,
exit,2025-04-19 18:00:00,,2.2052842236081016,2.204,0.05826785880677165,9239.230241464047,,0.5433367650608942,8006.004842912807,,,-102.65953860020343,-7.595778278726286,0.0,signal_reversal
entry,2025-04-19 18:00:00,BUY,2.20635258430809,2.204,0.10674157477721935,10885.846033656697,1601.2009685825615,0.6404803874330246,8005.364362525374,2.15992,2.33624,,,,
exit,2025-04-19 18:45:00,,2.199659680761771,2.2021,0.11081782109028505,10885.846033656697,,0.6385375096324021,9533.068876074962,,,-73.4964550329737,-4.590083098565404,0.0,signal_reversal
entry,2025-04-19 18:45:00,SELL,2.200354702672149,2.2021,0.07925604322471737,12997.543802139498,1906.6137752149925,0.762645510085997,9532.306230564876,2.2461420000000003,2.069974,,,,
exit,2025-04-19 19:15:00,,2.1959480508522193,2.1936,0.10704097612233951,12997.543802139498,,0.7611181594179888,11453.048638752593,,,56.51453189089338,2.9641311011990736,42.385898918170035,signal_reversal
entry,2025-04-19 19:15:00,BUY,2.1955233685097277,2.1936,0.08768091309845762,15649.63799022554,2290.6097277505187,0.9162438911002075,11452.132394861492,2.149728,2.325216,,,,
exit,2025-04-19 20:00:00,,2.196329014980613,2.199,0.12146362070881499,15649.63799022554,,0.9165801064500065,13745.664996489762,,,11.691495511009832,0.5104097555060767,8.768621633257373,signal_reversal
entry,2025-04-19 20:00:00,SELL,2.1964570650234574,2.199,0.11564051735072552,18774.32327093036,2749.1329992979527,1.0996531997191812,13744.565343290044,2.2429799999999998,2.0670599999999997,,,,
exit,2025-04-19 20:30:00,,2.205834329815056,2.2044,0.06506667642243331,18774.32327093036,,1.1043479144017034,16316.54219407901,,,-177.1561485089875,-6.44407340620581,0.0,signal_reversal
entry,2025-04-19 20:30:00,BUY,2.205695748469125,2.2044,0.05878009749248794,22192.374726301572,3263.308438815802,1.305323375526321,16315.236870703482,2.1603120000000002,2.3366640000000003,,,,
exit,2025-04-19 22:30:00,,2.213763696398261,2.217,0.1459767073405119,22192.374726301572,,1.3100979601587392,19622.979515958163,,,177.73682575551882,5.4465224200509965,133.30261931663912,signal_reversal
entry,2025-04-19 22:30:00,SELL,2.2155566922307974,2.217,0.0651018389356201,26570.720918272054,3924.5959031916327,1.569838361276653,19621.409677596886,2.26134,2.08398,,,,
exit,2025-04-19 23:00:00,,2.2287063230387387,2.2271,0.07212621969101009,26570.720918272054,,1.5791555658200163,23195.03125484658,,,-350.9743259419404,-8.942941760106168,0.0,signal_reversal
entry,2025-04-19 23:00:00,BUY,2.230047228378198,2.2271,0.13233480212823623,31203.41707522738,4639.006250969316,1.8556025003877266,23193.17565234619,2.182558,2.360726,,,,
exit,2025-04-20 00:30:00,,2.243566867970788,2.2472,0.16167372860501567,31203.41707522738,,1.8668520724654427,27937.179928525977,,,419.99210084187933,9.05349288447547,314.9940756314095,signal_reversal
entry,2025-04-20 00:30:00,SELL,2.244350962054793,2.2472,0.12678168143497687,37343.33052297896,5587.435985705196,2.2349743942820783,27934.944954131694,2.292144,2.1123679999999996,,,,
exit,2025-04-20 01:30:00,,2.279546389252015,2.2759,0.16021746350961538,37343.33052297896,,2.2700227801680333,32205.79644633342,,,-1316.5844935034688,-23.563303398406653,0.0,signal_reversal
entry,2025-04-20 01:30:00,BUY,2.277224418043688,2.2759,0.05819315627610991,42427.69775936361,6441.159289266685,2.5764637157066743,32203.219982617713,2.230382,2.4124540000000003,,,,
exit,2025-04-20 03:30:00,,2.2516586465640627,2.2552,0.15703057094436612,42427.69775936361,,2.5475384670314076,37557.134908094864,,,-1087.2443637895342,-16.879637887565966,0.0,signal_reversal
entry,2025-04-20 03:30:00,SELL,2.2519375483672,2.2552,0.14466351688542348,50033.09474811086,7511.4269816189735,3.0045707926475895,37554.13033730222,2.300304,2.1198879999999996,,,,
exit,2025-04-20 04:15:00,,2.2862197574692793,2.2845,0.07527938145237222,50033.09474811086,,3.050310659745693,43347.26199208256,,,-1718.2953268386304,-22.87575091981095,0.0,signal_reversal
entry,2025-04-20 04:15:00,BUY,2.2869724193202776,2.2845,0.10822584023976572,56861.98262718797,8669.452398416512,3.4677809593666047,43343.7942111232,2.23881,2.42157,,,,
exit,2025-04-20 05:00:00,,2.236140655589533,2.23881,0.1192305023859433,56861.98262718797,,3.390703762935487,49119.46103960986,,,-2893.7855699298525,-33.37910443407483,0.0,stop_loss
entry,2025-04-20 05:15:00,SELL,2.232689154635668,2.2351,0.10786297545219926,66000.40261443185,9823.892207921972,3.929556883168789,49115.53148272669,2.279802,2.100994,,,,
exit,2025-04-20 06:45:00,,2.2287042723858344,2.2255,0.14397988702917816,66000.40261443185,,3.922543447625852,59004.19401300179,,,259.0812894124961,2.6372570456704865,194.3109670593721,signal_reversal
entry,2025-04-20 06:45:00,BUY,2.227829466531734,2.2255,0.10467160331314647,79455.17585534815,11800.83880260036,4.720335521040144,58999.47367748075,2.18099,2.3590299999999997,,,,
exit,2025-04-20 07:45:00,,2.2126938797290445,2.2167,0.18072451260680997,79455.17585534815,,4.688266168744635,69593.0235028308,,,-1207.2889772503213,-10.230535281816499,0.0,signal_reversal
entry,2025-04-20 07:45:00,SELL,2.2134338183301856,2.2167,0.1473443257912484,94323.6110244287,13918.60470056616,5.567441880226465,69587.45606095057,2.261034,2.0836979999999996,,,,
exit,2025-04-20 10:45:00,,2.148527119150529,2.1469,0.07578923799567099,94323.6110244287,,5.40418230032509,85035.26827751703,,,6116.830064001202,43.94714984435466,4587.622548000902,signal_reversal
entry,2025-04-20 10:45:00,BUY,2.149826682566372,2.1469,0.13632132686066828,118663.42849927631,17007.053655503405,6.802821462201362,85028.46545605482,2.103962,2.2757140000000002,,,,
exit,2025-04-20 12:00:00,,2.145014689336114,2.1464,0.06454112299132236,118663.42849927631,,6.787594592478224,101457.72390234807,,,-577.7952092101664,-3.3973857019213587,0.0,signal_reversal
entry,2025-04-20 12:00:00,SELL,2.144477369262346,2.1464,0.08957467096786355,141933.49674365745,20291.544780469616,8.116617912187847,101449.60728443587,2.1893279999999997,2.017616,,,,
exit,2025-04-20 13:15:00,,2.157988050829412,2.1545,0.16189607005855608,141933.49674365745,,8.167754399606613,119815.36603230212,,,-1925.7860326033656,-9.490583656582485,0.0,signal_reversal
entry,2025-04-20 13:15:00,BUY,2.156415867442213,2.1545,0.08892399360469067,166686.81747517266,23963.073206460424,9.58522928258417,119805.78080301953,2.1114100000000002,2.28377,,,,
exit,2025-04-20 15:15:00,,2.135682759734023,2.1377,0.09436498414076863,166686.81747517266,,9.493070996177549,140303.42519823558,,,-3465.4288112443824,-14.461537472205805,0.0,signal_reversal
entry,2025-04-20 15:15:00,SELL,2.1360905452178613,2.1377,0.07528908556573018,197047.0196298621,28060.685039647116,11.224274015858848,140292.2009242197,2.180454,2.009438,,,,
exit,2025-04-20 19:00:00,,2.1389429166597798,2.136,0.13777699718069514,197047.0196298621,,11.239262050299045,167779.59541030918,,,-573.2905535576543,-2.043038339041433,0.0,signal_reversal
entry,2025-04-20 19:00:00,BUY,2.1391027196767025,2.136,0.1452584118306374,235303.7007530899,33555.91908206184,13.422367632824736,167766.17304267635,2.09328,2.2641600000000004,,,,
exit,2025-04-20 20:30:00,,2.1614459245234294,2.1657,0.19642958288640192,235303.7007530899,,13.562566000481247,202633.0611800179,,,5243.876221118737,15.62727639286144,3932.9071658390526,signal_reversal
entry,2025-04-20 20:30:00,SELL,2.163711037316662,2.1657,0.09183925212808675,280952.11100551725,40526.61223600358,16.210644894401433,202616.8505351235,2.2090140000000003,2.035758,,,,
exit,2025-04-20 21:15:00,,2.146802519091305,2.1456,0.056045818945977564,280952.11100551725,,16.083965324017722,244327.06275214336,,,4734.39992406523,11.682200072620972,3550.7999430489226,signal_reversal
entry,2025-04-20 21:15:00,BUY,2.1483396738244447,2.1456,0.12768800449501433,341184.96119916975,48865.41255042868,19.546165020171472,244307.5165871232,2.102688,2.274336,,,,
exit,2025-04-20 22:00:00,,2.1396046403387485,2.1417,0.09783628245093735,341184.96119916975,,19.466691365214384,290173.20038529596,,,-2999.728752255905,-6.138756629057847,0.0,signal_reversal
entry,2025-04-20 22:00:00,SELL,2.1403305454397157,2.1417,0.06394240838045503,406722.03786964406,58034.64007705919,23.213856030823678,290149.9865292651,2.184534,2.013198,,,,
exit,2025-04-20 22:30:00,,2.1515035314090962,2.1485,0.13979666786579292,406722.03786964406,,23.335037354091824,343616.9919464148,,,-4567.634659909487,-7.870531554679272,0.0,signal_reversal
entry,2025-04-20 22:30:00,BUY,2.149770320562189,2.1485,0.05912592795854375,479516.79580805893,68723.39838928297,27.48935935571319,343589.5025870591,2.10553,2.27741,,,,
exit,2025-04-20 23:15:00,,2.152028560859549,2.1544,0.11007422671976971,479516.79580805893,,27.518235733087984,412576.7374552975,,,1055.345915821667,1.5356427949672558,791.5094368662502,signal_reversal
entry,2025-04-20 23:15:00,SELL,2.152994819541982,2.1544,0.06522374944383781,574887.6872027039,82515.34749105951,33.00613899642381,412543.7313163011,2.197488,2.025136,,,,
exit,2025-04-20 23:45:00,,2.157364988412979,2.156,0.06331115088028033,574887.6872027039,,33.07313516375535,492513.6493972642,,,-2545.429410096443,-3.0847951168989964,0.0,signal_reversal
entry,2025-04-20 23:45:00,BUY,2.1590148372396945,2.156,0.139834751377289,684358.8671585196,98502.72987945285,39.40109195178114,492474.2483053124,2.11288,2.2853600000000003,,,,
exit,2025-04-21 00:30:00,,2.2397149887269996,2.2416,0.0840922230995896,684358.8671585196,,40.873834998484426,604773.725788859,,,55186.990416374574,56.02584870887553,41390.24281228093,signal_reversal
entry,2025-04-21 00:30:00,SELL,2.239396131434498,2.2416,0.09831676327185597,810183.2239052636,120954.7451577718,48.38189806310872,604725.3438907958,2.286432,2.107104,,,,
exit,2025-04-21 01:00:00,,2.2893892137506615,2.286432,0.12933748961969585,810183.2239052636,,49.461992905878596,685127.0704517913,,,-40553.018596776354,-33.527430894818984,0.0,stop_loss
entry,2025-04-21 02:00:00,SELL,2.272495995485858,2.2754,0.1276261103165153,904459.7726192848,137025.41409035827,54.81016563614331,685072.2602861552,2.3209079999999997,2.1388759999999998,,,,
exit,2025-04-21 02:45:00,,2.2598029559224835,2.2571,0.1197534855559455,904459.7726192848,,54.504023138080996,824954.1342900632,,,11425.839654199133,8.338482120305525,8569.37974064935,signal_reversal
entry,2025-04-21 02:45:00,BUY,2.260105718222204,2.2571,0.1331672598557404,1095020.636829729,164990.82685801265,65.99633074320506,824888.13795932,2.2119579999999996,2.392526,,,,
exit,2025-04-21 04:45:00,,2.2581135302787727,2.2624,0.18946559941775146,1095020.636829729,,65.93815775892506,987631.5397490729,,,-2247.4250682597703,-1.3621515274869513,0.0,signal_reversal
entry,2025-04-21 04:45:00,SELL,2.2601565247419715,2.2624,0.09916351034426271,1310924.5252761752,197526.3079498146,79.01052317992584,987552.529225893,2.307648,2.1266559999999997,,,,
exit,2025-04-21 05:30:00,,2.271290366844078,2.2676,0.162743290001678,1310924.5252761752,,79.39973989118461,1170403.8107636129,,,-14675.026412094816,-7.4294034877740405,0.0,signal_reversal
entry,2025-04-21 05:30:00,BUY,2.270321491385298,2.2676,0.12001637790166114,1546570.1424287616,234080.76215272257,93.63230486108904,1170310.1784587519,2.222248,2.403656,,,,
exit,2025-04-21 06:15:00,,2.2640555807696114,2.2676,0.15630707489804954,1546570.1424287616,,93.37388698713309,1394606.8964511394,,,-9784.044160335101,-4.17977285717809,0.0,signal_reversal
entry,2025-04-21 06:15:00,SELL,2.2658116548967357,2.2676,0.0788651042187289,1846499.7654644407,278921.3792902279,111.56855171609116,1394495.3278994232,2.3129519999999997,2.131544,,,,
exit,2025-04-21 07:00:00,,2.2613770433193436,2.257,0.1939319149022511,1846499.7654644407,,111.3501914697557,1675435.9969511789,,,8077.159046110672,2.895855121132931,6057.869284583004,signal_reversal
entry,2025-04-21 07:00:00,BUY,2.259037628614226,2.257,0.0902803993897241,2224977.5422894806,335087.1993902358,134.03487975609434,1675301.9620714227,2.21186,2.3924200000000004,,,,
exit,2025-04-21 07:45:00,,2.2443517269077926,2.2474,0.1356355384981516,2224977.5422894806,,133.16352504982538,1977580.1964515233,,,-32808.965010135296,-9.791172288836563,0.0,signal_reversal
entry,2025-04-21 07:45:00,SELL,2.245320553604203,2.2474,0.0925267596243193,2642268.864386111,395516.0392903047,158.20641571612188,1977421.9900358072,2.292348,2.1125559999999997,,,,
exit,2025-04-21 08:30:00,,2.2733897930952622,2.2717,0.07438451799365456,2642268.864386111,,160.1841884509012,2298611.367583438,,,-74326.66174267401,-18.792325559297737,0.0,signal_reversal
entry,2025-04-21 08:30:00,BUY,2.273304818487945,2.2717,0.07064394453250851,3033396.158169838,459722.27351668756,183.88890940667503,2298427.4786740313,2.226266,2.408002,,,,
exit,2025-04-21 09:15:00,,2.261671882503738,2.2652,0.15575302385053671,3033396.158169838,,182.94791465140224,2722679.500953338,,,-35470.25123738093,-7.715582489847185,0.0,signal_reversal
entry,2025-04-21 09:15:00,SELL,2.263524540703261,2.2652,0.07396518173843017,3608548.684134108,544535.9001906676,217.81436007626704,2722461.686593262,2.3105040000000003,2.129288,,,,
exit,2025-04-21 10:15:00,,2.26528989403674,2.2638,0.06581385443678733,3608548.684134108,,217.98423643489522,3260409.239098938,,,-6588.34768499127,-1.2099014376617556,0.0,signal_reversal
entry,2025-04-21 10:15:00,BUY,2.2657622156529373,2.2638,0.08667795975515896,4316970.090560939,652081.8478197877,260.8327391279151,3260148.4063598104,2.218524,2.399628,,,,
exit,2025-04-21 11:00:00,,2.2649164167000255,2.2688,0.1711734529255319,4316970.090560939,,260.7353714270525,3908318.230025823,,,-3912.0241537751126,-0.599928393476191,0.0,signal_reversal
entry,2025-04-21 11:00:00,SELL,2.26727410465265,2.2688,0.06725561298264492,5171388.261356141,781663.6460051647,312.6654584020659,3908005.564567421,2.3141760000000002,2.132672,,,,
exit,2025-04-21 11:45:00,,2.2630001109392843,2.2585,0.19925220010113642,5171388.261356141,,312.07605891090833,4695116.811787461,,,21790.404859498867,2.787695829384253,16342.80364462415,signal_reversal
entry,2025-04-21 11:45:00,BUY,2.261794023936045,2.2585,0.1458500746532823,6227512.44644754,939023.3623574922,375.6093449429969,4694741.2024425175,2.21333,2.39401,,,,
exit,2025-04-21 13:45:00,,2.2770218900147747,2.2787,0.07364330474504778,6227512.44644754,,378.138190957347,5657377.961636802,,,94453.58734716968,10.058704728073698,70840.19051037726,signal_reversal
entry,2025-04-21 13:45:00,SELL,2.2770535181792995,2.2787,0.07225531314788387,7453550.71780706,1131475.5923273605,452.59023693094423,5656925.371399871,2.3242740000000004,2.141978,,,,
exit,2025-04-21 14:00:00,,2.3259018180121376,2.3242740000000004,0.07003554710575215,7453550.71780706,,462.2993910718164,6423845.384053455,,,-364555.57967377687,-32.21948243036453,0.0,stop_loss
entry,2025-04-21 15:15:00,SELL,2.327624699566211,2.3307,0.13194750220059168,8279486.016689854,1284769.076810691,513.9076307242765,6423331.476422731,2.377314,2.190858,,,,
exit,2025-04-21 16:00:00,,2.297973065411535,2.2935,0.19503228304055714,8279486.016689854,,507.3609563147927,7769348.785583254,,,244992.9293993264,19.06902445126532,183744.69704949477,signal_reversal
entry,2025-04-21 16:00:00,BUY,2.2966075280076192,2.2935,0.1354928278883616,10148902.706493452,1553869.757116651,621.5479028466603,7768727.237680407,2.24763,2.43111,,,,
exit,2025-04-21 16:30:00,,2.246284652001791,2.24763,0.05985629299347377,10148902.706493452,,607.9286502468182,8811267.093652725,,,-511329.901144332,-32.90687001291228,0.0,stop_loss
entry,2025-04-21 17:00:00,BUY,2.208451124538478,2.2053,0.14288870169491039,11969384.78159996,1762253.418730545,704.901367492218,8810562.192285232,2.1611939999999996,2.337618,,,,
exit,2025-04-21 17:45:00,,2.2325345100916714,2.234,0.06559936921793161,11969384.78159996,,712.5883890530126,10644703.291050963,,,287550.720140745,16.317217324389404,215663.04010555876,signal_reversal
entry,2025-04-21 17:45:00,SELL,2.232418648507141,2.234,0.07078565321661318,14304713.810963646,2128940.658210193,851.5762632840772,10643851.714787679,2.27868,2.09996,,,,
exit,2025-04-21 18:15:00,,2.232465663010659,2.231,0.06569533889104501,14304713.810963646,,851.5941973912184,12771268.249782687,,,-1524.1232151849647,-0.07159068569183605,0.0,signal_reversal
entry,2025-04-21 18:15:00,BUY,2.233488141990803,2.231,0.11152586242954253,17154245.87622719,2554253.6499565374,1021.701459982615,12770246.548322704,2.1863799999999998,2.36486,,,,
exit,2025-04-21 20:00:00,,2.234683145087665,2.237,0.10356973233505645,17154245.87622719,,1022.2481100345195,15329369.480488338,,,19477.12883638805,0.7625369875352617,14607.846627291037,signal_reversal
entry,2025-04-21 20:00:00,SELL,2.234728403558706,2.237,0.10154655526570856,20578835.60625577,3065873.8960976675,1226.349558439067,15328143.130929898,2.28174,2.10278,,,,
exit,2025-04-21 20:30:00,,2.2541005247019497,2.2497,0.19560495630306268,20578835.60625577,,1236.9803770084347,17994124.350299276,,,-399892.67672829016,-13.043350453431405,0.0,signal_reversal
entry,2025-04-21 20:30:00,BUY,2.2508445435698086,2.2497,0.050875386487479746,23983163.655221842,3598824.8700598553,1439.529948023942,17992684.820351254,2.204706,2.3846819999999997,,,,
exit,2025-04-21 22:15:00,,2.2243430975708662,2.2284,0.18205449780712177,23983163.655221842,,1422.5809209174713,20954498.592997536,,,-637011.0974135754,-17.700530601339896,0.0,signal_reversal
entry,2025-04-21 22:15:00,SELL,2.2267721514660113,2.2284,0.0730501047383243,28230771.49478719,4190899.7185995076,1676.359887439803,20952822.233110096,2.272968,2.094696,,,,
exit,2025-04-22 00:00:00,,2.2278976656781375,2.224,0.17525475171480498,28230771.49478719,,1677.2071976941143,25110270.609975237,,,-33451.34173436586,-0.7981899825926746,0.0,signal_reversal
entry,2025-04-22 00:00:00,BUY,2.22575969127705,2.224,0.0791228092198677,33844988.80321801,5022054.121995048,2008.8216487980192,25108261.78832644,2.17952,2.3574400000000004,,,,
exit,2025-04-22 01:30:00,,2.281233849497078,2.2833,0.09048966421067331,33844988.80321801,,2058.88890916668,30599181.754050393,,,1875463.374915625,37.34454725809652,1406597.5311867187,signal_reversal
entry,2025-04-22 01:30:00,SELL,2.281812552068378,2.2833,0.06514465605142408,40230099.17223048,6119836.350810079,2447.934540324032,30596733.81951007,2.3289660000000003,2.146302,,,,
exit,2025-04-22 02:45:00,,2.3004897001157674,2.2987,0.07785705467295838,40230099.17223048,,2467.9714341427225,35962718.6806851,,,-753851.4896350448,-12.318164186453416,0.0,signal_reversal
entry,2025-04-22 02:45:00,BUY,2.300459064608089,2.2987,0.07652432279501947,46898533.29793346,7192543.736137021,2877.0174944548085,35959841.66319065,2.252726,2.4366220000000003,,,,
exit,2025-04-22 04:00:00,,2.320796794604657,2.3241,0.14212836777003843,46898533.29793346,,2902.4524199867665,43390112.21308477,,,950907.2550284232,13.22073650036833,713180.4412713174,signal_reversal
entry,2025-04-22 04:00:00,SELL,2.320757293277849,2.3241,0.143828007493273,56089594.98535114,8678022.442616954,3471.208977046782,43386641.00410773,2.370582,2.184654,,,,
exit,2025-04-22 04:45:00,,2.3067694450813336,2.3054,0.059401625806082894,56089594.98535114,,3450.287037311872,52259944.05998014,,,781122.4530218135,9.001157328031262,585841.8397663601,signal_reversal
entry,2025-04-22 04:45:00,BUY,2.3085611821465073,2.3054,0.13712076630984843,67912357.44255477,10451988.811996028,4180.795524798411,52255763.26445534,2.259292,2.4437240000000005,,,,
exit,2025-04-22 08:15:00,,2.3232929443092862,2.3262,0.12497015264009029,67912357.44255477,,4207.47469007194,62956817.38221818,,,996261.2230672751,9.531786160389299,747195.9173004563,signal_reversal
entry,2025-04-22 08:15:00,SELL,2.323212444993953,2.3262,0.12843070269310922,81297107.6121909,12591363.476443637,5036.545390577455,62951780.836827606,2.3727240000000003,2.186628,,,,
exit,2025-04-22 10:45:00,,2.3467731735561688,2.3445,0.09695771192872926,81297107.6121909,,5087.623232853297,73622637.60469432,,,-1920506.7085769225,-15.252571432552747,0.0,signal_reversal
entry,2025-04-22 10:45:00,BUY,2.347924924732393,2.3445,0.14608337523533732,94069410.17897181,14724527.520938866,5889.811008375546,73616747.79368594,2.29761,2.48517,,,,
exit,2025-04-22 11:30:00,,2.3404238085361326,2.3432,0.11847863877890472,94069410.17897181,,5870.994326341783,87629778.74403234,,,-711496.5705924666,-4.8320502615835395,0.0,signal_reversal
entry,2025-04-22 11:30:00,SELL,2.3418351549599024,2.3432,0.05824705702020613,112257831.50249033,17525955.74880647,7010.382299522588,87622768.36173281,2.390064,2.2026079999999997,,,,
exit,2025-04-22 12:45:00,,2.392506355476473,2.390064,0.1021878692986121,112257831.50249033,,7162.068675245739,99453322.95224592,,,-5695401.158293353,-32.4969504654901,0.0,stop_loss
entry,2025-04-22 13:00:00,SELL,2.422900754696031,2.4242,0.05359480669784513,123141638.50024018,19890664.590449184,7956.265836179674,99445366.68640974,2.472684,2.2787479999999998,,,,
exit,2025-04-22 14:00:00,,2.430670119065378,2.4263,0.18011453923167361,123141638.50024018,,7981.7786964075885,118371317.23961571,,,-964714.0372432163,-4.850084484891667,0.0,signal_reversal
entry,2025-04-22 14:00:00,BUY,2.428766895757686,2.4263,0.10167315491431278,146211623.82405773,23674263.447923142,9469.705379169258,118361847.53423654,2.377774,2.571878,,,,
exit,2025-04-22 14:45:00,,2.4542639480669353,2.456,0.07068615362641975,146211623.82405773,,9569.117790392253,142965710.05792767,,,3718396.303071915,15.706492036178284,2788797.227303936,signal_reversal
entry,2025-04-22 14:45:00,SELL,2.454144586236294,2.456,0.07554616301733844,174764409.79850534,28593142.011585534,11437.256804634215,142954272.80112302,2.50512,2.30864,,,,
exit,2025-04-22 16:15:00,,2.424953138293426,2.4205,0.18397596750365294,174764409.79850534,,11301.213440076903,172819996.05207333,,,5090324.95745906,17.802607895965167,3817743.718094295,signal_reversal
entry,2025-04-22 16:15:00,BUY,2.4241061561961015,2.4205,0.14898393704198,213876767.24924687,34563999.21041467,13825.599684165869,172806170.45238915,2.37209,2.5657300000000003,,,,
exit,2025-04-22 19:15:00,,2.515772696696926,2.5186,0.11225694048574951,213876767.24924687,,14348.40884009223,212267918.39740342,,,19590994.938398425,56.680347719992284,14693246.20379882,signal_reversal
entry,2025-04-22 19:15:00,SELL,2.517003826141059,2.5186,0.06337544107604291,253000710.0420364,42453583.67948069,16981.433471792276,212250936.96393162,2.568972,2.367484,,,,
exit,2025-04-22 20:45:00,,2.5373389489963594,2.5328,0.17920676707042024,253000710.0420364,,17118.628152357156,249542601.4940769,,,-5161919.149335394,-12.158971521243638,0.0,signal_reversal
entry,2025-04-22 20:45:00,BUY,2.534473599325241,2.5328,0.06607704221577643,295378024.32881516,49908520.298815385,19963.408119526153,249522638.08595738,2.482144,2.684768,,,,
exit,2025-04-23 00:15:00,,2.681560640338892,2.684768,0.11946505847463043,295378024.32881516,,21121.975574965716,310287447.7856249,,,43425157.603408575,87.00950728134352,32568868.20255643,take_profit
entry,2025-04-23 00:45:00,BUY,2.617668587523875,2.6151,0.0982213882404091,355607408.7428322,62057489.55712499,24822.995822849996,310262624.7898021,2.562798,2.772006,,,,
exit,2025-04-23 01:15:00,,2.6317082759517865,2.6341,0.09079852884149613,355607408.7428322,,24956.1322820875,373562029.6192081,,,4967661.089124241,8.004934012922686,3725745.816843181,signal_reversal
entry,2025-04-23 01:15:00,SELL,2.631463247878005,2.6341,0.1001006841803655,425879437.8987958,74712405.92384163,29884.96236953665,373532144.65683854,2.686782,2.476054,,,,
exit,2025-04-23 02:15:00,,2.650500487155205,2.6455,0.18901860348534194,425879437.8987958,,30101.164203203818,440106880.653958,,,-8137669.926722122,-10.891992870658305,0.0,signal_reversal
entry,2025-04-23 02:15:00,BUY,2.6479080624640225,2.6455,0.091024852164909,498627826.5013642,88021376.1307916,35208.550452316646,440071672.10350573,2.59259,2.8042300000000004,,,,
exit,2025-04-23 03:00:00,,2.6393667975274018,2.6417,0.08832200751782965,498627826.5013642,,35094.97945575879,523799040.88392204,,,-4294007.350375287,-4.878368799863786,0.0,signal_reversal
entry,2025-04-23 03:00:00,SELL,2.639261572333058,2.6417,0.09230524537010303,595392718.6014686,104759808.17678441,41903.92327071376,523757136.96065134,2.6945340000000004,2.483198,,,,
exit,2025-04-23 04:00:00,,2.6978385149457123,2.6945340000000004,0.12263771567595648,595392718.6014686,,42833.9575403007,593597826.0703851,,,-34919119.06705065,-33.33255346184282,0.0,stop_loss
entry,2025-04-23 04:30:00,SELL,2.7251796080193,2.7267,0.05575941543624441,653459123.5641389,118719565.21407703,47487.82608563081,593550338.2442994,2.781234,2.563098,,,,
exit,2025-04-23 08:30:00,,2.6800435501754274,2.6747,0.19978129044106624,653459123.5641389,,46701.30425096955,719631870.332263,,,29447867.495546326,24.80456144060624,22085900.621659745,signal_reversal
entry,2025-04-23 08:30:00,BUY,2.678028433241806,2.6747,0.12444136694977626,806151116.3208239,143926374.0664526,57570.54962658104,719574299.7826364,2.621206,2.835182,,,,
exit,2025-04-23 09:15:00,,2.6447611582444757,2.648,0.1223127551179909,806151116.3208239,,56855.39093655305,836625367.5821029,,,-26875306.26698611,-18.672954447235256,0.0,signal_reversal
entry,2025-04-23 09:15:00,SELL,2.644884271007872,2.648,0.1176634815758373,948954980.8505929,167325073.5164206,66930.02940656824,836558437.5526963,2.7009600000000002,2.4891199999999998,,,,
exit,2025-04-23 09:45:00,,2.6382470963208675,2.6349,0.1270293491543365,948954980.8505929,,66762.0726071547,1005441415.5454673,,,6231617.905401166,3.724258280268808,4673713.429050874,signal_reversal
entry,2025-04-23 09:45:00,BUY,2.6365453463580137,2.6349,0.06244435682621422,1144044137.4554756,201088283.10909346,80435.31324363739,1005360980.2322236,2.582202,2.792994,,,,
exit,2025-04-23 11:30:00,,2.6048300091014247,2.6099,0.1942599677602842,1144044137.4554756,,79467.74669281542,1170086049.9388003,,,-36363213.40251673,-18.083208449688303,0.0,signal_reversal
entry,2025-04-23 11:30:00,SELL,2.6066070089415336,2.6099,0.12617307400538832,1346677169.8898382,234017209.98776007,93606.88399510403,1169992443.0548053,2.6620980000000003,2.453306,,,,
exit,2025-04-23 12:45:00,,2.6424363981129178,2.6372,0.19855900625351744,1346677169.8898382,,94893.56720598938,1355664139.0671582,,,-48345513.97540717,-20.65895665448529,0.0,signal_reversal
entry,2025-04-23 12:45:00,BUY,2.639808580097651,2.6372,0.09891476177959961,1540639138.7102127,271132827.8134317,108453.13112537267,1355555685.9360328,2.584456,2.795432,,,,
exit,2025-04-23 13:30:00,,2.633360928659697,2.6379,0.1720713954396763,1540639138.7102127,,108188.23768115738,1616646821.3537097,,,-10041692.395754794,-3.7036062644043057,0.0,signal_reversal
entry,2025-04-23 13:30:00,SELL,2.6363098086426544,2.6379,0.060282473078795605,1839670151.1186187,323329364.27074194,129331.74570829679,1616517489.6080015,2.690658,2.479626,,,,
exit,2025-04-23 14:30:00,,2.6201907829377573,2.6155,0.1793455529634041,1839670151.1186187,,128540.98062951243,1947228141.2471893,,,29525149.473783426,9.13160162250539,22143862.105337568,signal_reversal
entry,2025-04-23 14:30:00,BUY,2.61741937351459,2.6155,0.07338457329725896,2231848851.9084864,389445628.24943787,155778.25129977515,1947072362.9958894,2.56319,2.77243,,,,
exit,2025-04-23 15:15:00,,2.5614229463872706,2.56319,0.06893962650952297,2231848851.9084864,,152445.56965723954,2211389984.0805855,,,-125128007.16474187,-32.12977578595338,0.0,stop_loss
entry,2025-04-23 15:30:00,SELL,2.554206954201564,2.5566,0.09360266754423466,2597350203.4863787,442277996.8161171,176911.19872644686,2211213072.881859,2.607732,2.4032039999999997,,,,
exit,2025-04-23 16:00:00,,2.5651631405565753,2.5614,0.1469173325749678,2597350203.4863787,,177670.05346934346,2624856346.785884,,,-28634722.912092283,-6.4743720280521995,0.0,signal_reversal
entry,2025-04-23 16:00:00,BUY,2.5647861332081408,2.5614,0.13219853237060403,3070263418.224199,524971269.3571768,209988.50774287072,2624646358.278141,2.510172,2.715084,,,,
exit,2025-04-23 17:45:00,,2.5871821023344803,2.5919,0.18202467940582776,3070263418.224199,,211822.1484021848,3166755053.279287,,,68549702.57587676,13.057800793520629,51412276.931907564,signal_reversal
entry,2025-04-23 17:45:00,SELL,2.5901532999595487,2.5919,0.0673907187951409,3667838949.913208,633351010.6558574,253340.40426234299,3166501712.8750243,2.643738,2.4363859999999997,,,,
exit,2025-04-23 20:00:00,,2.5719230962224993,2.5704,0.059255221852618424,3667838949.913208,,251557.3255601669,3816506197.0323925,,,66613894.006043024,10.517689698965189,49960420.50453227,signal_reversal
entry,2025-04-23 20:00:00,BUY,2.5737030788078044,2.5704,0.12850446653455633,4448655590.994143,763301239.4064785,305320.4957625914,3816200876.5366297,2.518992,2.724624,,,,
exit,2025-04-23 21:00:00,,2.5710202967226623,2.5755,0.17393528547225423,4448655590.994143,,305002.2351353251,4567262340.185487,,,-12239775.75762145,-1.6035314926435538,0.0,signal_reversal
entry,2025-04-23 21:00:00,SELL,2.571761822786605,2.5755,0.1451437473653589,5327782261.62096,913452468.0370975,365380.987214839,4566896959.198272,2.62701,2.4209699999999996,,,,
exit,2025-04-23 21:45:00,,2.587782521918021,2.5846,0.12313402143547714,5327782261.62096,,367657.11512553564,5394626973.469119,,,-85722453.76625012,-9.38444601835251,0.0,signal_reversal
entry,2025-04-23 21:45:00,BUY,2.587905289443347,2.5846,0.12788398372464826,6253660435.884218,1078925394.6938238,431570.15787752956,5394195403.311241,2.532908,2.7396760000000002,,,,
exit,2025-04-24 00:00:00,,2.584813975412224,2.5892,0.16939690204603322,6253660435.884218,,431054.6371241607,6453357715.1166115,,,-19763082.888453588,-1.8317376702456738,0.0,signal_reversal
entry,2025-04-24 00:00:00,SELL,2.5866557377419253,2.5892,0.09826441596148018,7484595983.480434,1290671543.0233223,516268.617209329,6452841446.499402,2.640984,2.433848,,,,
exit,2025-04-24 00:30:00,,2.5514342716316705,2.5493,0.08371990866787964,7484595983.480434,,509238.7920418329,7809290290.76999,,,263109204.98906335,20.385450226379476,197331903.7417975,signal_reversal
entry,2025-04-24 00:30:00,BUY,2.5515958149638083,2.5493,0.0900566808068195,9181654372.889881,1561858058.1539981,624743.2232615993,7808665547.546728,2.498314,2.702258,,,,
exit,2025-04-24 02:45:00,,2.509362622299382,2.5113,0.07714640626838339,9181654372.889881,,614402.6745120412,8982138624.917786,,,-388384980.7829413,-24.866855138038847,0.0,signal_reversal
entry,2025-04-24 02:45:00,SELL,2.5097568497423333,2.5113,0.06144826415269679,10736663943.170366,1796427724.9835572,718571.089993423,8981420053.827793,2.5615259999999997,2.3606219999999998,,,,
exit,2025-04-24 05:00:00,,2.5331001998253866,2.529,0.1621273161481534,10736663943.170366,,725254.5487974101,10526492819.113031,,,-251354959.69831902,-13.99193277873841,0.0,signal_reversal
entry,2025-04-24 05:00:00,BUY,2.532539838697687,2.529,0.13996989710111127,12469489314.560308,2105298563.8226063,842119.4255290426,10525650699.687502,2.47842,2.68074,,,,
exit,2025-04-24 05:45:00,,2.512793371105078,2.5178,0.19884934843600555,12469489314.560308,,835553.3357518066,12383885343.528006,,,-247063919.98210263,-11.735338836383702,0.0,signal_reversal
entry,2025-04-24 05:45:00,SELL,2.5149865318363216,2.5178,0.11174311556430969,14772109337.48328,2476777068.705601,990710.8274822405,12382894632.700523,2.5681559999999997,2.366732,,,,
exit,2025-04-24 06:15:00,,2.5249024897868813,2.52,0.19454324551115382,14772109337.48328,,994616.9505497486,14712197469.42402,,,-147474231.9821037,-5.954279609798545,0.0,signal_reversal
entry,2025-04-24 06:15:00,BUY,2.5230613439100575,2.52,0.12148190119275498,17493269640.393433,2942439493.8848042,1176975.7975539218,14711020493.626467,2.4696,2.6712000000000002,,,,
exit,2025-04-24 07:45:00,,2.469668338224068,2.4736,0.15894492949272573,17493269640.393433,,1152068.644343893,16718289673.490849,,,-935170314.0204215,-31.782142537304903,0.0,signal_reversal
entry,2025-04-24 07:45:00,SELL,2.4713411832498253,2.4736,0.09131697728713205,20294595242.619904,3343657934.6981697,1337463.1738792679,16716952210.316969,2.523072,2.3251839999999997,,,,
exit,2025-04-24 09:30:00,,2.4371301769786986,2.4335,0.14917513781378167,20294595242.619904,,1318948.5465428615,20233855039.157314,,,692979576.5687052,20.725193488766966,519734682.42652893,signal_reversal
entry,2025-04-24 09:30:00,BUY,2.4369105065108188,2.4335,0.14014820262252506,24909230337.05688,4046771007.831463,1618708.403132585,20232236330.75418,2.38483,2.57951,,,,
exit,2025-04-24 10:15:00,,2.4470909727605012,2.4509,0.15541340893135752,24909230337.05688,,1625470.738565971,24341997865.588997,,,251962108.01340893,6.226250695327273,188971581.0100567,signal_reversal
entry,2025-04-24 10:15:00,SELL,2.4480668223411888,2.4509,0.11559744007552417,29830065474.65448,4868399573.1178,1947359.82924712,24340050505.75975,2.499918,2.3038459999999996,,,,
exit,2025-04-24 13:15:00,,2.4782718341220544,2.4736,0.18886780894464042,29830065474.65448,,1971386.9620227453,28305461212.829594,,,-902988866.0479552,-18.54796124447252,0.0,signal_reversal
entry,2025-04-24 13:15:00,BUY,2.476392407452006,2.4736,0.11288839957982312,34290358580.87629,5661092242.565919,2264436.8970263675,28303196775.932568,2.4241279999999996,2.622016,,,,
exit,2025-04-24 14:00:00,,2.5126680281878606,2.5152,0.10066681823073824,34290358580.87629,,2297607.671500403,34274690627.274693,,,1241606435.1048236,21.932277057228433,931204826.3286177,signal_reversal
entry,2025-04-24 14:00:00,SELL,2.51308126556992,2.5152,0.08423721493640209,40915537945.608574,6854938125.454939,2741975.250181976,34271948652.02451,2.5655040000000002,2.364288,,,,
exit,2025-04-24 14:15:00,,2.570007868948453,2.5655040000000002,0.175554937682942,40915537945.608574,,2804086.786199282,38794900090.044266,,,-2331986687.435182,-34.01907712012231,0.0,stop_loss
entry,2025-04-24 15:00:00,SELL,2.555355914474265,2.5586,0.12679142991226083,45545397261.84391,7758980018.008854,3103592.0072035417,38791796498.03706,2.6097720000000004,2.405084,,,,
exit,2025-04-24 16:00:00,,2.614643745889891,2.6097720000000004,0.18667323773458824,45545397261.84391,,3175599.682793353,43847313081.74521,,,-2703463434.3007083,-34.84302611974613,0.0,stop_loss
entry,2025-04-24 16:30:00,BUY,2.678763097180469,2.6748,0.14816424332545292,49105476846.269104,8769462616.349043,3507785.0465396172,43843805296.69867,2.621304,2.835288,,,,
exit,2025-04-24 17:00:00,,2.616875644098299,2.621304,0.16893713593314047,49105476846.269104,,3426744.7026889217,49570828273.943954,,,-3042439639.1037545,-34.69356985947677,0.0,stop_loss
entry,2025-04-24 18:00:00,BUY,2.6198407975143465,2.6176,0.08560503951506836,56763939611.493706,9914165654.788792,3965666.261915517,49566862607.68204,2.565248,2.7746560000000002,,,,
exit,2025-04-24 19:30:00,,2.6208064265579654,2.6244,0.13692933402052748,56763939611.493706,,3967127.9394813594,59493739707.665726,,,50845780.7796037,0.5128599072282387,38134335.584702775,signal_reversal
entry,2025-04-24 19:30:00,SELL,2.6209603729034283,2.6244,0.13106337054457493,68097641218.924866,11898747941.533146,4759499.176613258,59488980208.48911,2.676888,2.466936,,,,
exit,2025-04-24 21:15:00,,2.5877250106350633,2.5833,0.17129294449204285,68097641218.924866,,4699145.849265736,71952365807.44296,,,2258550629.682846,18.98141418559904,1693912972.2621346,signal_reversal
entry,2025-04-24 21:15:00,BUY,2.5845987728115416,2.5833,0.05027572529482851,83516675660.84863,14390473161.488594,5756189.264595438,71946609618.17836,2.531634,2.738298,,,,
exit,2025-04-25 01:00:00,,2.672002752532929,2.6766,0.17175698524514552,83516675660.84863,,5950847.6599516645,88160517524.21658,,,7293738978.198539,50.68449728058874,5470304233.648904,signal_reversal
entry,2025-04-25 01:00:00,SELL,2.6747554025050437,2.6766,0.06891569509662288,98880649918.47458,17632103504.84332,7052841.401937328,88153464682.81465,2.7301320000000002,2.516004,,,,
exit,2025-04-25 02:00:00,,2.665367989138784,2.6607,0.1754421445027356,98880649918.47458,,7028088.507678417,106015869549.20834,,,921205446.2014561,5.224591869871978,690904084.651092,signal_reversal
entry,2025-04-25 02:00:00,BUY,2.663763879770672,2.6607,0.11515314656564583,119397823156.5353,21203173909.84167,8481269.56393667,106007388279.64441,2.6074859999999997,2.820342,,,,
exit,2025-04-25 02:30:00,,2.606014446693715,2.6074859999999997,0.056435712647544385,119397823156.5353,,8297398.721325663,120307108192.85205,,,-6903453996.634036,-32.55858781326001,0.0,stop_loss
entry,2025-04-25 03:00:00,SELL,2.6107645024290305,2.614,0.12377572957037619,138243539102.34277,24061421638.57041,9624568.655428166,120297483624.19662,2.66628,2.4571599999999996,,,,
exit,2025-04-25 04:30:00,,2.637331852112484,2.6327,0.17593543178047077,138243539102.34277,,9722509.0406231,140676418308.91626,,,-3682486953.850776,-15.304527758857594,0.0,signal_reversal
entry,2025-04-25 04:30:00,BUY,2.6362080248831137,2.6327,0.1332481818328583,160089511504.10864,28135283661.783253,11254113.464713302,140665164195.45154,2.580046,2.7906619999999998,,,,
exit,2025-04-25 05:15:00,,2.653685073280601,2.6573,0.1360375839912279,160089511504.10864,,11328723.921792965,169497088711.3762,,,2786563416.565616,9.904159666784038,2089922562.424212,signal_reversal
entry,2025-04-25 05:15:00,SELL,2.654976261749745,2.6573,0.08744734317748348,191523846544.3042,33899417742.275238,13559767.096910097,169483528944.27927,2.710446,2.497862,,,,
exit,2025-04-25 05:45:00,,2.6589110889201946,2.6548,0.1548549389857901,191523846544.3042,,13579863.449848004,202615753587.9331,,,-767193098.6213908,-2.2631453568143165,0.0,signal_reversal
entry,2025-04-25 05:45:00,BUY,2.657589431005034,2.6548,0.10507122966077584,228721281651.81882,40523150717.586624,16209260.287034651,202599544327.64606,2.601704,2.814088,,,,
exit,2025-04-25 06:30:00,,2.6852695022422384,2.6868,0.05696359080548472,228721281651.81882,,16378087.523556972,244701355865.74854,,,6314643282.063454,15.582804323561556,4735982461.54759,signal_reversal
entry,2025-04-25 06:30:00,SELL,2.6834922690933247,2.6868,0.12311042528937856,273562952296.21753,48940271173.14971,19576108.469259884,244681779757.27927,2.740536,2.5255919999999996,,,,
exit,2025-04-25 07:30:00,,2.7421470283747595,2.740536,0.05878515643507031,273562952296.21753,,20003995.645666644,277556277819.53,,,-16065773110.898943,-32.82730709451641,0.0,stop_loss
entry,2025-04-25 08:15:00,SELL,2.7375912861984593,2.74,0.0879092628299617,304161120637.86957,55511255563.906006,22204502.225562405,277534073317.30444,2.7948000000000004,2.5756,,,,
exit,2025-04-25 08:45:00,,2.723545774078,2.7208,0.10091789466332284,304161120637.86957,,22090579.59338929,334107830912.935,,,4250008126.8982716,7.656119617048747,3187506095.1737037,signal_reversal
entry,2025-04-25 08:45:00,BUY,2.722793155171013,2.7208,0.07325621769380684,368123260055.6656,66821566182.587006,26728626.473034803,334081102286.462,2.666384,2.8840480000000004,,,,
exit,2025-04-25 10:45:00,,2.674782294511832,2.6772,0.09030724219961786,368123260055.6656,,26257322.085196506,383202496603.02765,,,-17700171866.021343,-26.488711470270538,0.0,signal_reversal
entry,2025-04-25 10:45:00,SELL,2.6738992295031228,2.6772,0.12329189066477125,429936729523.91284,76640499320.60553,30656199.728242215,383171840403.2994,2.730744,2.516568,,,,
exit,2025-04-25 11:00:00,,2.7349219734853407,2.730744,0.15299762575110493,429936729523.91284,,31355824.234223273,433545064925.38086,,,-26267274798.524048,-34.2733607314349,0.0,stop_loss
entry,2025-04-25 11:15:00,SELL,2.724934200548552,2.7263,0.050097181214389774,477308844563.7747,86709012985.07617,34683605.19403047,433510381320.1868,2.7808260000000002,2.562722,,,,
exit,2025-04-25 11:45:00,,2.7835426382456707,2.7808260000000002,0.09769177379923746,477308844563.7747,,35429587.212134466,492209639039.15125,,,-28009755266.111763,-32.30316469054103,0.0,stop_loss
entry,2025-04-25 12:00:00,SELL,2.7874048368772657,2.7893,0.06794404053826748,529750432223.44543,98441927807.83026,39376771.12313211,492170262268.02814,2.845086,2.6219419999999998,,,,
exit,2025-04-25 14:00:00,,2.7660425584941164,2.7634,0.09562707151032943,529750432223.44543,,39074993.09095208,593431590379.2734,,,11277601213.659956,11.456095451193423,8458200910.2449665,signal_reversal
entry,2025-04-25 14:00:00,BUY,2.7671776384236035,2.7634,0.13670255567792916,643361216286.7913,118686318075.85469,47474527.23034188,593384115852.0431,2.708132,2.929204,,,,
exit,2025-04-25 14:45:00,,2.768029930312893,2.7698,0.06390604690256423,643361216286.7913,,47489149.40491586,712195644527.1777,,,500842397.1195887,0.42198831781055907,375631797.8396915,signal_reversal
entry,2025-04-25 14:45:00,SELL,2.7668498356128977,2.7698,0.10651181988239028,772209212831.4756,142439128905.43555,56975651.56217422,712138668875.6156,2.825196,2.603612,,,,
exit,2025-04-25 18:00:00,,2.6548012550291458,2.6501,0.177399155848675,772209212831.4756,,54668319.66320187,876195367254.0012,,,86470277891.8,60.70682863358922,64852708418.850006,signal_reversal
entry,2025-04-25 18:00:00,BUY,2.65304912842584,2.6501,0.11128366574242513,990779278679.1133,175239073450.80026,70095629.3803201,876125271624.6208,2.597098,2.8091060000000003,,,,
exit,2025-04-25 19:00:00,,2.63566708392016,2.64,0.16412560908486507,990779278679.1133,,69636382.19319195,1034072939175.922,,,-17291405899.499104,-9.867323285268226,0.0,signal_reversal
entry,2025-04-25 19:00:00,SELL,2.638391430015742,2.64,0.06093068122190791,1175799307955.3235,206814587835.18442,82725835.13407376,1033990213340.788,2.6928,2.4816,,,,
exit,2025-04-25 19:30:00,,2.6470613439529713,2.6424,0.17640569001558262,1175799307955.3235,,82997677.23560514,1230527724691.3103,,,-10277076484.661993,-4.969222235354136,0.0,signal_reversal
entry,2025-04-25 19:30:00,BUY,2.644488178712534,2.6424,0.0790258368352306,1395953744013.7751,246105544938.2621,98442217.97530484,1230429282473.335,2.589552,2.800944,,,,
exit,2025-04-25 21:30:00,,2.6365639213727117,2.6396,0.11502040564056715,1395953744013.7751,,98147234.06325006,1465374783475.48,,,-11160043936.116943,-4.534657656298052,0.0,signal_reversal
entry,2025-04-25 21:30:00,SELL,2.6360088111149635,2.6396,0.13605049572043026,1667719899831.0605,293074956695.096,117229982.6780384,1465257553492.802,2.6923920000000003,2.481224,,,,
exit,2025-04-25 22:00:00,,2.645642741303285,2.6411,0.17200186677086418,1667719899831.0605,,117658427.93373565,1742148154671.3174,,,-16184355516.580667,-5.522258093658358,0.0,signal_reversal
entry,2025-04-25 22:00:00,BUY,2.643022603068353,2.6411,0.07279554232527768,1977449779637.3132,348429630934.2635,139371852.37370542,1742008782818.9436,2.588278,2.799566,,,,
exit,2025-04-25 23:00:00,,2.7662977426672817,2.7718,0.19850845417122867,1977449779637.3132,,145872396.3106297,2151344545062.7947,,,243624525238.3503,69.9207253370233,182718393928.76273,signal_reversal
entry,2025-04-25 23:00:00,SELL,2.769775955849909,2.7718,0.07302273432753816,2330164510799.9204,430268909012.55896,172107563.6050236,2151172437499.1897,2.827236,2.6054919999999995,,,,
exit,2025-04-26 00:15:00,,2.830666051254213,2.827236,0.12132171683624951,2330164510799.9204,,175891135.32156572,2439381516006.0977,,,-142059830505.65134,-33.016522349167644,0.0,stop_loss
entry,2025-04-26 01:30:00,BUY,2.912151115908479,2.9094,0.09455956240044788,2512968680794.3394,487876303201.21954,195150521.28048784,2439186365484.8174,2.8512120000000003,3.0839640000000004,,,,
exit,2025-04-26 02:45:00,,2.9268621787236415,2.9312,0.14798789834737847,2512968680794.3394,,196136346.35023987,2936255744628.375,,,36772303769.35144,7.537218661383741,27579227827.01358,signal_reversal
entry,2025-04-26 02:45:00,SELL,2.927076444639216,2.9312,0.14067806225381754,3009407987966.256,587251148925.675,234900459.57027003,2936020844168.8047,2.989824,2.755328,,,,
exit,2025-04-26 05:30:00,,2.9144295424808373,2.9123,0.07312235967576958,3009407987966.256,,233885534.5468446,3532728443805.456,,,37825802843.906075,6.441162850529129,28369352132.929558,signal_reversal
entry,2025-04-26 05:30:00,BUY,2.9145766656579064,2.9123,0.07817414613557624,3636269190065.7363,706545688761.0913,282618275.50443655,3532445825529.9517,2.854054,3.087038,,,,
exit,2025-04-26 08:30:00,,2.8758987439274626,2.8782,0.07995469642615723,3636269190065.7363,,278867786.5677916,4098069311380.288,,,-140922202910.75467,-19.9452356942207,0.0,signal_reversal
entry,2025-04-26 08:30:00,SELL,2.875320363192138,2.8782,0.10004992036209939,4275769786046.3853,819613862276.0576,327845544.91042304,4097741465835.3774,2.9357640000000003,2.705508,,,,
exit,2025-04-26 11:15:00,,2.8445224883212514,2.8395,0.17687932105127255,4275769786046.3853,,324333954.96782637,4950195400334.536,,,131360288892.40627,16.027094579345007,98520216669.3047,signal_reversal
entry,2025-04-26 11:15:00,BUY,2.843570589364822,2.8395,0.1433558501434058,5222513644129.663,990039080066.9072,396015632.0267629,4949799384702.51,2.7827100000000002,3.0098700000000003,,,,
exit,2025-04-26 11:30:00,,2.7812358683718266,2.7827100000000002,0.052974676778166745,5222513644129.663,,387334460.5363914,5613907199419.946,,,-325931265349.4707,-32.92105048292074,0.0,stop_loss
entry,2025-04-26 11:45:00,BUY,2.7924023568807628,2.7884,0.1435359661728125,6031266073372.316,1122781439883.9893,449112575.9535957,5613458086843.993,2.732632,2.9557040000000003,,,,
exit,2025-04-26 12:30:00,,2.794975647785757,2.7996,0.16517903322770425,6031266073372.316,,449526448.0104546,6740007195649.032,,,15070675684.198923,1.3422626300053635,11303006763.149193,signal_reversal
entry,2025-04-26 12:30:00,SELL,2.7971638220632653,2.7996,0.08701878613853337,7228758440051.7,1348001439129.8066,539200575.6519227,6739467995073.38,2.855592,2.6316239999999995,,,,
exit,2025-04-26 16:30:00,,2.859405950979835,2.855592,0.13356078108620262,7228758440051.7,,551198797.378121,7636984920673.369,,,-450484513529.8178,-33.41869677977681,0.0,stop_loss
entry,2025-04-26 17:00:00,BUY,2.829889719904812,2.8271,0.09867779366884218,8096059221272.679,1527396984134.6738,610958793.6538695,7636373961879.715,2.7705580000000003,2.9967260000000002,,,,
exit,2025-04-26 17:45:00,,2.833770470917763,2.8362,0.08566141605798944,8096059221272.679,,611796628.0545061,9171472694363.342,,,30806993395.81109,2.016960470382516,23105245046.858315,signal_reversal
entry,2025-04-26 17:45:00,SELL,2.8327905878043156,2.8362,0.12021057032946597,9712831651426.92,1834294538872.6685,733717815.5490674,9170738976547.793,2.892924,2.666028,,,,
exit,2025-04-26 18:15:00,,2.8502800372327357,2.8463,0.13983196545467147,9712831651426.92,,738247737.6283844,10834423189708.443,,,-170610325712.01782,-9.30114123421381,0.0,signal_reversal
entry,2025-04-26 18:15:00,BUY,2.848384447064557,2.8463,0.07323356865253981,11411124506954.121,2166884637941.6887,866753855.1766756,10833556435853.268,2.7893739999999996,3.017078,,,,
exit,2025-04-26 20:00:00,,2.821444448978784,2.8254,0.13999968221193676,11411124506954.121,,858556103.9133725,12692166845317.18,,,-308274228477.7769,-14.226610087125119,0.0,signal_reversal
entry,2025-04-26 20:00:00,SELL,2.822456678344646,2.8254,0.10417362693261505,13490552690531.703,2538433369063.436,1015373347.6253744,12691151471969.555,2.881908,2.655876,,,,
exit,2025-04-26 21:30:00,,2.847977818781221,2.844,0.1398670457531858,13490552690531.703,,1024554528.6862296,14884265996722.234,,,-345318844310.7567,-13.603620584225274,0.0,signal_reversal
entry,2025-04-26 21:30:00,BUY,2.8464554603496137,2.844,0.08633826827054344,15687158507192.053,2976853199344.4473,1190741279.737779,14883075255442.496,2.78712,3.01464,,,,
exit,2025-04-26 22:15:00,,2.846031933464905,2.8502,0.1462376863060487,15687158507192.053,,1190564108.1811793,17852093957306.277,,,-7834497480.665592,-0.26318051163526907,0.0,signal_reversal
entry,2025-04-26 22:15:00,SELL,2.847717104371997,2.8502,0.08711303164699602,18806742351512.31,3570418791461.256,1428167516.5845025,17850665789789.69,2.907204,2.679188,,,,
exit,2025-04-26 22:45:00,,2.8501269444324207,2.845,0.18020894314308783,18806742351512.31,,1429376083.0144951,21374333964043.195,,,-46750617207.75308,-1.3093874959306826,0.0,signal_reversal
entry,2025-04-26 22:45:00,BUY,2.8480448323504306,2.845,0.10702398419791198,22514744558711.965,4274866792808.639,1709946717.1234558,21372624017326.07,2.7881,3.0157000000000003,,,,
exit,2025-04-26 23:30:00,,2.9100244654155976,2.9134,0.11586238018819664,22514744558711.965,,1747158866.6249206,25995917921994.285,,,1393708447438.3071,32.602383068002545,1045281335578.7303,signal_reversal
entry,2025-04-26 23:30:00,SELL,2.911683175136115,2.9134,0.05892856675654234,26784422986658.6,5199183584398.857,2079673433.7595432,25993838248560.527,2.971668,2.7385960000000003,,,,
exit,2025-04-27 00:15:00,,2.974147843600046,2.971668,0.08344955089349847,26784422986658.6,,2124288903.1424582,29517817442196.914,,,-1675204390762.4692,-32.22052777265338,0.0,stop_loss
entry,2025-04-27 00:45:00,SELL,2.9586349676933352,2.9617,0.1034889525159348,29930509607824.45,5903563488439.383,2361425395.3757534,29515456016801.54,3.020934,2.783998,,,,
exit,2025-04-27 03:00:00,,2.8637865315501903,2.8608,0.10439497868395572,29930509607824.45,,2285722407.928566,36128163581956.32,,,2836576306861.5957,48.04854411096456,2127432230146.1968,signal_reversal
entry,2025-04-27 03:00:00,BUY,2.8625224811962995,2.8608,0.060209773360591974,37863280186562.29,7225632716391.265,2890253086.556506,36125273328869.766,2.803584,3.032448,,,,
exit,2025-04-27 05:45:00,,2.8765971159227246,2.8793,0.09387295791600421,37863280186562.29,,2904464068.90771,43483407888786.34,,,530007374101.246,7.33509984390613,397505530575.93445,signal_reversal
entry,2025-04-27 05:45:00,SELL,2.8751993358675807,2.8793,0.14241878694193918,45370845088553.2,8696681577757.27,3478672631.102908,43479929216155.24,2.9368860000000003,2.7065420000000002,,,,
exit,2025-04-27 06:30:00,,2.9088470590270257,2.9053,0.12208925161000474,45370845088553.2,,3519382648.0375667,50646465776214.77,,,-1530145017697.7395,-17.59458483119878,0.0,signal_reversal
entry,2025-04-27 06:30:00,BUY,2.906979053818915,2.9053,0.057792786249780875,52267111154117.42,10129293155242.955,4051717262.0971823,50642414058952.68,2.847194,3.079618,,,,
exit,2025-04-27 08:45:00,,2.9594645759816194,2.9639,0.1496482343662291,52267111154117.42,,4124871038.6534476,61456492651650.97,,,2739141749821.3174,27.04178571832062,2054356312365.988,signal_reversal
entry,2025-04-27 08:45:00,SELL,2.961619247336539,2.9639,0.07695106661699311,62252930764398.96,12291298530330.195,4916519412.132078,61451576132238.836,3.023178,2.786066,,,,
exit,2025-04-27 11:00:00,,2.93525882001188,2.9337,0.05313494944539974,62252930764398.96,,4872759042.6077585,74151909937098.88,,,1636141098119.3691,13.311377102118238,1227105823589.5269,signal_reversal
entry,2025-04-27 11:00:00,BUY,2.9378076513344284,2.9337,0.14001606621086857,75721679637620.75,14830381987419.775,5932152794.967911,74145977784303.9,2.875026,3.109722,,,,
exit,2025-04-27 11:45:00,,2.9205361685909375,2.925,0.15260962082264748,75721679637620.75,,5897277443.416728,87662636811110.94,,,-1313722960612.737,-8.858321799985555,0.0,signal_reversal
entry,2025-04-27 11:45:00,SELL,2.9218725704895974,2.925,0.10692066702229779,90006632421093.5,17532527362222.188,7013010944.888875,87655623800166.05,2.9835,2.7495,,,,
exit,2025-04-27 12:15:00,,2.92201641197845,2.9169,0.17540580679660883,90006632421093.5,,7013356189.902584,105168191118184.25,,,-19960044203.98162,-0.11384578955222434,0.0,signal_reversal
entry,2025-04-27 12:15:00,BUY,2.9204284379331136,2.9169,0.12096533762260414,108033660149483.42,21033638223636.85,8413455289.4547415,105159777662894.8,2.858562,3.091914,,,,
exit,2025-04-27 13:00:00,,2.899179734214758,2.9023,0.10751010526967594,108033660149483.42,,8352239949.8247175,123889488410455.94,,,-2303927476075.71,-10.953537621877697,0.0,signal_reversal
entry,2025-04-27 13:00:00,SELL,2.8993753746804694,2.9023,0.10076922852669712,128189150144909.47,24777897682091.188,9911159072.836475,123879577251383.1,2.960346,2.7281619999999998,,,,
exit,2025-04-27 13:30:00,,2.93057313486943,2.925,0.19053452545060703,128189150144909.47,,10017804789.237745,144648242763637.47,,,-4009232169836.8145,-16.180679334770932,0.0,signal_reversal
entry,2025-04-27 13:30:00,BUY,2.9278058969565466,2.925,0.09592810107852806,148214992237701.9,28929648552727.496,11571859421.091,144636670904216.38,2.8665,3.1005,,,,
exit,2025-04-27 14:15:00,,2.9583274197105673,2.9635,0.17454294885887014,148214992237701.9,,11692492681.306198,174694333148291.06,,,4512054765388.722,15.596645625213872,3384041074041.541,signal_reversal
entry,2025-04-27 14:15:00,SELL,2.959230089258127,2.9635,0.14408337242695926,177101132266555.12,34938866629658.215,13975546651.863287,174680357601639.2,3.02277,2.7856899999999998,,,,
exit,2025-04-27 14:45:00,,2.9439272738566236,2.9418,0.07231198098523413,177101132266555.12,,13903276093.610693,210293284895892.06,,,2696242658378.712,7.717029538931806,2022181993784.034,signal_reversal
entry,2025-04-27 14:45:00,BUY,2.9453917750031744,2.9418,0.12209446608110282,214192169626397.6,42058656979178.414,16823462791.671366,210276461433100.4,2.8829640000000003,3.1183080000000003,,,,
exit,2025-04-27 17:00:00,,2.9182447307294606,2.9235,0.1797595098525569,214192169626397.6,,16668404543.353216,246503765695804.8,,,-5831352716473.993,-13.864809614251037,0.0,signal_reversal
entry,2025-04-27 17:00:00,SELL,2.921078811176075,2.9235,0.08281815713786042,253163760682538.72,49300753139160.97,19720301255.664387,246484045394549.16,2.9819700000000005,2.74809,,,,
exit,2025-04-27 17:30:00,,2.983906292419522,2.9819700000000005,0.06493332996380922,253163760682538.72,,20144451693.685795,279859012656213.66,,,-15925785877496.463,-32.30333182242233,0.0,stop_loss
entry,2025-04-27 17:45:00,SELL,3.0191278939350537,3.0236,0.14790666969660143,278085946493097.34,55971802531242.734,22388721012.497093,279836623935201.16,3.084072,2.842184,,,,
exit,2025-04-27 18:30:00,,3.087117164455536,3.084072,0.0987384359228879,278085946493097.34,,22892903963.00546,316878672918417.3,,,-18929753548026.57,-33.82016067368963,0.0,stop_loss
entry,2025-04-27 18:45:00,SELL,3.056090171659811,3.0605,0.14408849338961346,311062817311750.5,63375734583683.47,25350293833.47339,316853322624583.8,3.12171,2.8768700000000003,,,,
exit,2025-04-27 19:30:00,,3.074068573170893,3.0698,0.13905053003104995,311062817311750.5,,25499424826.134693,374611145558642.1,,,-5617911649625.13,-8.864452122771135,0.0,signal_reversal
entry,2025-04-27 19:30:00,BUY,3.072881723019383,3.0698,0.10038839726962899,365726226381293.6,74922229111728.42,29968891644.691372,374581176666997.44,3.0084039999999996,3.253988,,,,
exit,2025-04-27 20:30:00,,3.0794821116424793,3.0814,0.06224081123906476,365726226381293.6,,30033263250.658707,450099381268857.0,,,2383901960524.4585,3.181835336171651,1787926470393.3438,signal_reversal
entry,2025-04-27 20:30:00,SELL,3.079353511305848,3.0814,0.0664142498264274,438500529039277.44,90019876253771.4,36007950501.50857,450063373318355.5,3.143028,2.8965159999999996,,,,
exit,2025-04-27 21:00:00,,3.047155281213431,3.0439,0.10694442042875849,438500529039277.44,,35631445410.05114,543604076943187.75,,,14083309484243.314,15.644666567349663,10562482113182.486,signal_reversal
entry,2025-04-27 21:00:00,BUY,3.0477327570787374,3.0439,0.12591599851301935,535090298531523.06,108720815388637.56,43488326155.455025,543560588617032.3,2.9830219999999996,3.226534,,,,
exit,2025-04-27 21:45:00,,3.0626145589420064,3.0647,0.06804715169490344,535090298531523.06,,43700675696.833786,654261255787171.5,,,7919407126006.772,7.2841682594982,5939555344505.079,signal_reversal
entry,2025-04-27 21:45:00,SELL,3.0621102003206095,3.0647,0.08450418244495578,640990571520256.5,130852251157434.31,52340900462.973724,654208914886708.5,3.1259940000000004,2.880818,,,,
exit,2025-04-27 22:15:00,,3.0210665299754984,3.0192,0.06182200501782015,640990571520256.5,,51639337643.99234,791625407637682.2,,,26256966374157.8,20.066117427790253,19692724780618.35,signal_reversal
entry,2025-04-27 22:15:00,BUY,3.0227535925450866,3.0192,0.1176998060773114,785666495863282.6,158325081527536.47,63330032611.01459,791562077605071.2,2.958816,3.200352,,,,
exit,2025-04-27 23:00:00,,2.9570750460543826,2.958816,0.05883954749526368,785666495863282.6,,61953994385.02139,898223771663477.6,,,-51663387469130.08,-32.63120850510637,0.0,stop_loss
entry,2025-04-27 23:30:00,SELL,2.927392124647343,2.9292,0.06171908209261784,920502344835355.8,179644754332695.53,71857901733.07822,898151913761744.5,2.987784,2.7534479999999997,,,,
exit,2025-04-28 00:15:00,,2.9145047413801,2.9114,0.1066408387751672,920502344835355.8,,71541558625.97717,1080744499333855.8,,,11791324957663.064,6.563690101312929,8843493718247.299,signal_reversal
entry,2025-04-28 00:15:00,BUY,2.915758635588245,2.9114,0.1497092666155586,1111969097314345.1,216148899866771.16,86459559946.70847,1080658039773909.0,2.853172,3.086084,,,,
exit,2025-04-28 00:45:00,,2.8487539977386387,2.853172,0.15484528312212323,1111969097314345.1,,84472704302.29509,1222215380270876.5,,,-74591559369803.62,-34.50934028152816,0.0,stop_loss
entry,2025-04-28 01:15:00,SELL,2.8136938828980194,2.8162,0.0889893154598542,1303143232140127.2,244443076054175.3,97777230421.67014,1222117603040454.8,2.872524,2.6472279999999997,,,,
exit,2025-04-28 01:15:00,,2.8210152595799234,2.8162,0.1709842901755383,1303143232140127.2,,98031651820.94939,1456921844969837.2,,,-9638834124792.719,-3.9431814884609326,0.0,backtest_end
